frequency,input_rms,channel_ratio,incident_rate,length,segment size,fit_ref,flux_correction,smoothing,smoothing length,fad_delta,Frac_rms,delta clean,CS,PDS 1,PDStot,slope,median,clean_median
136.01606490616808,0.3880525860855587,1.4780641557444016,233.05136895401705,1024.0,128.0,pds,False,gauss,768.0,0.001116252588977913,0.05587706411925563,-0.003004860169018349,0.05220472704521416,0.41510424904927873,0.016848989817316393,1.092973096547938,0.006221126717157799,0.0035050510891606558
49.75142164462804,0.3365049179512271,1.9228891675886732,258.66691221693304,512.0,128.0,cs,False,gauss,768.0,-0.0007281190193184628,0.05151018750150262,0.0005001162626559958,0.0774257891660691,0.8710719423723394,-0.02173782875915711,1.1037915713312283,0.005429915527572383,0.002672925851525712
36.902383531564354,0.2299048260800871,0.5426887024557029,899.4148556768047,1024.0,256.0,cs,False,gauss,1280.0,-0.000317712788733715,0.0359827756290474,0.00735361727380197,0.04009718422279889,nan,-0.05863259859711917,1.0719036030158686,0.00404173164935584,0.0014534786879446889
47.917979671834686,0.4356901122911275,0.7768096615896795,448.853747898777,1024.0,128.0,cs,False,gauss,768.0,-0.00047649523195240174,0.06599951815141988,-0.0005409090971168433,0.18157053548576502,-0.06415496981861768,0.16843133405595792,1.37685700267305,0.005339841170397319,0.0025412391491443356
117.31204711981962,0.18247837697735075,0.7740277971630527,319.23442952397954,1024.0,128.0,cs,False,gauss,640.0,-0.001388826630451114,0.02676470733242745,0.003038100974405274,0.04590095053078968,nan,-0.020605627061534442,1.028242950488766,0.0061177329622413845,0.0035550676022378077
22.372438343301237,0.1888129946514221,1.3826923412836694,494.36464065167365,1024.0,256.0,cs,False,gauss,1536.0,-0.00025342383814774827,0.03080142864011605,0.011800259882842692,0.038346127160574686,0.9360641719086056,0.010288627199489923,1.0461197224431686,0.004259992791218137,0.001710137181547124
152.34487037951163,0.07084934558755607,1.3132938318588967,847.6024681577575,1024.0,256.0,cs,False,gauss,1280.0,-0.0008576255682378742,0.010684261645644105,0.019684374883666644,-0.053785748521529966,3.08909470978799,-0.2524218996666561,1.028812514841131,0.003533341565534087,0.0010217050452590083
281.12432039499976,0.40558605999394326,1.5653350668570056,249.26793331252088,1024.0,64.0,cs,False,gauss,320.0,-0.0013692002065360809,0.05439261839560003,0.006103774108563583,0.0008555047123945381,-0.35632672419714767,-0.001271950917132295,0.9835903593410452,0.005721495442341411,0.003178366993585424
292.07740630783775,0.11788630915631344,0.7404837788761274,311.32945984231503,1024.0,64.0,cs,False,gauss,384.0,-0.004062944078386921,0.015372345506988195,-0.0289507552361334,-0.07921699246951665,1.3381653581338386,0.09819879327273365,0.9339254776835174,0.006210009582352586,0.003699928063197091
294.92713713267904,0.2767808416995492,0.8791389735012256,870.005750817382,1024.0,128.0,cs,False,gauss,768.0,0.0005915868887849337,0.03708169867316182,0.010670456352193302,-0.001525551428989833,0.08933306782333317,0.0017474025679830578,0.9721969057907228,0.003762434806895155,0.0012473293283890297
110.062102456952,0.18620314142581434,1.261598351906967,161.66917277925108,512.0,64.0,cs,False,gauss,320.0,0.002910914669639773,0.028554708814454707,0.027870699350893913,-0.066925000508496,0.6724899094794241,-0.11732045778363329,0.9676048889657748,0.008080721004368427,0.005496691151322739
261.7697484475042,0.4633837295869549,0.9584899721722648,845.9381155382076,512.0,64.0,cs,False,gauss,384.0,-2.0710957660622786e-05,0.06273525598078389,0.007472852991852426,0.0924684651565244,0.05796296612343947,0.07483929854164181,1.1667654569742492,0.0038886246646771564,0.001256916756473065
58.09884337024719,0.09163093430393841,1.694650509529652,126.82576159328136,1024.0,256.0,cs,False,gauss,1280.0,0.00045063685322377367,0.011878019245591107,-0.11279635483917361,0.11344966116457368,4.733838835626668,nan,1.0692264147628443,0.008484076528667783,0.00586825573443968
122.4912561934788,0.058934519196405244,0.6771946608737935,651.6973477705196,1024.0,64.0,cs,False,gauss,320.0,0.002094215183407133,0.0060473587829121805,-0.1436534603317831,0.011405440886679729,nan,nan,0.976213631613321,0.004372352282658909,0.0018333732972095748
141.0376583694113,0.1799108127221739,0.6923375396568836,648.5095230195315,1024.0,64.0,cs,False,gauss,384.0,0.003112247771393628,0.025429980649244083,-0.017551376712790386,-0.013797803316711404,nan,-0.13831246985619897,0.9363591225835209,0.0043853314755202535,0.0018269525425357413
210.71197180297233,0.32770651376174387,1.7185802067926468,97.35802034969115,512.0,64.0,cs,False,gauss,384.0,0.002894017066575843,0.04437825338314301,0.021485233409752724,0.035974920819191375,0.02954369019617813,0.04214169808300035,1.0514890967359536,0.01024963150114045,0.0076223165611096514
230.86300949822012,0.18115374374634574,1.378017812375291,194.98806750865302,512.0,128.0,cs,False,gauss,640.0,0.0006822823031007452,0.024278686013975547,-0.014333250449686195,0.010796163495369897,-0.13378453304913687,0.058415795187073544,0.9680702510691469,0.006883227530506408,0.004337871957000365
71.410495972164,0.11734434952020342,1.7477121994806237,538.1553477254893,1024.0,256.0,cs,False,gauss,1280.0,-0.0007120664746894656,0.018313057140257556,0.015475897118886955,-0.004172071893116411,2.788826679348442,-0.23809962117127553,1.0083421930016956,0.0038880013005317166,0.0013567674401223986
13.53557492069456,0.19339217566547973,0.6880853207944746,680.2751531544816,1024.0,128.0,cs,False,gauss,640.0,-0.0007797034125225816,0.033709445586712024,0.007653034788257439,0.04015896531449013,nan,0.0077654611012255475,1.0416758435957434,0.004315942013493723,0.0017467666591271947
210.80174266911712,0.1117473255440721,1.2770485291497742,837.0336005903274,512.0,128.0,cs,False,gauss,768.0,0.0008620423494560825,0.01624935196069566,0.015479512467139451,-0.009651442088474871,1.3842461314041108,-0.1912054444987659,0.9506734440508049,0.003586827419794619,0.001057485857143713
267.7994842776766,0.13958264118137748,0.8310619759311556,852.8192401723098,512.0,128.0,cs,False,gauss,768.0,-0.0007299148082482443,0.017694591841623405,-0.012840641105911899,-0.051373648053341464,nan,-0.19756178769640342,0.9173004931970454,0.0038021190554734154,0.0012933373618139125
216.16317775677956,0.4059466556162624,0.7718777249816133,450.0012653584654,1024.0,64.0,cs,False,gauss,320.0,-0.002033923382095071,0.05648730984365263,0.001273420395232524,0.04002000953254332,-0.0487784518544338,0.028254740397172007,1.0603397633232057,0.00516589702578699,0.002548687157156759
227.1151713019037,0.3901663064644066,0.5179496564475008,421.6789349450235,512.0,64.0,cs,False,gauss,320.0,0.0007602427655087308,0.05377691377035897,-0.004494309861964908,-0.0017848487168526006,-0.09938139708101955,-0.028271900308981333,0.9849834229693856,0.005827492802928158,0.003178991065032534
161.61151660412037,0.4829513779852059,1.5549607469433393,391.7090520303967,1024.0,256.0,cs,False,gauss,1536.0,0.0003549149975230481,0.06836582455102053,0.002997766734231077,0.08316294648509805,0.38584523036780105,0.052007991496305944,1.152744097973753,0.0048195794712689735,0.0020442579844357203
201.9784857298599,0.09342403169679635,1.1646508291888535,203.12844158133916,512.0,64.0,cs,False,gauss,320.0,0.0003671286527045425,0.00933225888784701,-0.17004559586581297,-0.572541937125096,-0.460643763578217,nan,1.0673489811634191,0.007112277357792346,0.004564085532006815
142.5648786335273,0.48555948497285367,1.065020852599116,361.1581358252637,1024.0,256.0,cs,False,gauss,1536.0,-0.0020989139328736472,0.06876236138834128,0.0034949287253343364,0.10760442621005623,0.14728388359067815,0.10460024560839408,1.2171898910795371,0.005480472011954912,0.002735317081264046
196.48904998851873,0.20936083281356505,1.747995047349797,839.9990865568764,512.0,128.0,cs,False,gauss,640.0,-0.0006237219236943092,0.03014815595482491,0.013004732850267297,0.0008105708211784621,1.3076967669792674,-0.060543609915410634,0.9656781074155033,0.0034452159957821123,0.0008845651383757386
119.01705520915874,0.40675294533189077,1.4654126691922005,336.09742243595923,1024.0,128.0,cs,False,gauss,768.0,9.337178172510637e-05,0.059226798726387864,0.00229026769914232,0.10291158283306436,0.45898329579424296,0.07371035330398429,1.1994302203812872,0.005179705088092768,0.002456944877860333
15.274799314617738,0.47557371251165903,0.5826502953486616,705.9191139098866,512.0,256.0,cs,False,gauss,1536.0,-0.002076193539861015,0.07883680207061929,-0.0003600614205787345,0.2960168524295991,-0.005105776205682866,0.2802428396120834,1.6683234215530522,0.004640100268480735,0.0018166550700056338
140.88658868712434,0.08701998036762179,1.6966821051085845,780.5862303159395,1024.0,128.0,cs,False,gauss,768.0,-0.0020282267064768785,0.012866187729484396,0.011217689353636597,-0.04044927571939034,3.7589647675324263,-0.5721381910264559,0.9561455232461081,0.003474139443422979,0.0009571437612645425
113.0681745513644,0.3360618067671828,1.101390270364327,714.185430101479,1024.0,64.0,cs,False,gauss,384.0,0.0015320847622297684,0.04961118392976686,0.0029134380037985257,0.11293718039452035,0.2393929216636982,0.10829917706133083,1.2176313596917472,0.003983621862812561,0.001355191424776056
178.39968984432005,0.4160096605604174,0.8506036728146908,475.7449215945164,512.0,64.0,cs,False,gauss,320.0,0.00036806191356920795,0.05900494633790773,0.006349605339200724,0.061076905386458546,-0.08886825867929311,0.050342866207337654,1.1021313297591424,0.005001918032285825,0.00231706214948813
123.35186874419146,0.35209287919854654,1.10704178841126,806.2331681531789,1024.0,64.0,cs,False,gauss,384.0,-0.00013055753378887758,0.051582872875523475,0.0008287706798107375,0.11054626349131728,0.22220694028405985,0.10187886534363386,1.2161270104960227,0.003823892782669369,0.0011998963055121035
182.241494133812,0.39349369269083667,1.2904345505299517,702.9644799950983,1024.0,64.0,cs,False,gauss,384.0,-0.0029947690047336106,0.05597360463808069,0.0016556056003636196,0.06964663552140983,0.3187772102905857,0.04683179321691362,1.1243824612281341,0.003920896888826686,0.0012714016104636238
276.6099739020715,0.29245685402714894,1.9043482402697869,701.5919812748233,1024.0,64.0,cs,False,gauss,320.0,0.00045843432730441336,0.039591698075164064,0.0075419650720761474,-0.030751735067554735,0.37820205852268496,-0.06496027085219455,0.9277761153975818,0.003570846789848485,0.0010068380816164796
234.83531077134862,0.10884824174785163,0.7230384608478821,224.48870684031255,1024.0,64.0,cs,False,gauss,320.0,0.0001398805759458277,0.012955706914862869,-0.0035715748847020314,0.1743437794166755,0.7311572609276975,0.20327652207516345,1.0906315286287325,0.007717522716816889,0.005181565770179271
48.82279450321292,0.20909591987027853,0.5017251940119856,538.0983416647802,512.0,64.0,cs,False,gauss,320.0,-0.0004515802465015033,0.031571696033543095,-0.0023911481330861034,0.02968619744371518,nan,-0.17641143211145704,1.0129136959750233,0.005139187830052738,0.0024887342900922617
162.38268642941927,0.07365334503239014,1.3492695447051124,939.456231754061,512.0,128.0,cs,False,gauss,640.0,0.0024584627986192764,0.010154395304839088,0.026746476460282484,-0.3341089545925604,3.399487216822557,nan,0.8270100269744785,0.003418681617209158,0.0009104834339227931
107.85079135910898,0.24733816423228294,1.9388317141966183,769.2698118855523,512.0,64.0,cs,False,gauss,320.0,0.0036142169716350116,0.0365696390498346,0.002791163310381026,-0.011783859206641989,1.1389763014980003,-0.13052864630838687,0.9303082697151511,0.0035025338307219656,0.0008994432834208192
26.302402036642157,0.46973506270558546,1.8439301071677212,650.2162027378071,1024.0,256.0,cs,False,gauss,1536.0,0.0005366357201979088,0.07387787275782882,-0.0019897977237889586,0.37850475959097274,0.7352289750222915,0.35642873032012107,1.8875323603333496,0.003903778020429641,0.0010996758192940374
8.338526136239278,0.2582247729509744,0.5810193114588746,784.1726114539913,512.0,128.0,cs,False,gauss,640.0,0.0017850647971249245,0.04654757565934842,0.0033671696133429916,0.09865577204108067,nan,0.035942899641033726,1.1665449188601593,0.004265014580761672,0.0016347083530431827
47.35553198215624,0.4979981092600314,1.2393772477630016,492.194293490268,1024.0,128.0,cs,False,gauss,640.0,0.0037864068523431214,0.07512535760822488,0.0005981959131633322,0.2920230940888856,0.43828044410260625,0.290641580374073,1.6528694660986711,0.004674316194372419,0.0018340502015833466
39.02921028150643,0.11061980904322935,1.482490434645165,683.4754016830104,1024.0,256.0,cs,False,gauss,1536.0,-0.0008988708111133947,0.017254223670555652,-0.004895625177154838,-0.07643712343466456,2.2609915863931063,-0.22256236090765288,0.8673041843491613,0.0037089457991872888,0.0011846698217228523
228.00473941032874,0.2310074511630002,1.867845248702956,883.5787475729743,1024.0,64.0,cs,False,gauss,320.0,-0.00155709230098533,0.03189510358543475,0.0019127411021469898,-0.07233796919850208,1.1656373558127449,-0.1909505266277185,0.8438875402010627,0.003360493713013179,0.0008057959246106983
152.1558226945391,0.2721568563648332,1.880461728263577,888.1941482807775,512.0,256.0,cs,False,gauss,1536.0,-0.0005205939307895579,0.03960085146115381,0.006281530908166725,-0.04192062879214321,0.8962644887115356,-0.11892298046863335,0.8927563663450413,0.0033782847127262596,0.0007998036696873404
243.8244371919866,0.34615397043741153,1.1630854876331975,603.5806205140481,512.0,256.0,cs,False,gauss,1536.0,0.0002448256359042266,0.04771332094984177,-0.00045894460437148426,0.045858647420790814,0.11962663390343492,0.03444852415610081,1.0770709818340498,0.004126059437374169,0.0015696563859495096
244.93965914547604,0.270290316237382,1.859892295433362,816.5755737774113,512.0,256.0,cs,False,gauss,1280.0,-0.0030969489242356567,0.03784020926931992,0.006917793498712308,-0.07084528391996599,0.8403288432491157,-0.1593044610801059,0.8537797522645566,0.003429485824041681,0.0008775173274519673
56.670878932492045,0.188036962893961,1.3654169785613717,287.3532458048658,1024.0,256.0,cs,False,gauss,1280.0,6.569198483141747e-05,0.029622806306250308,0.012089646019390938,0.03144161245903234,1.0378852973192798,-0.03949231233236097,1.0154797030074423,0.005523096002505112,0.002955913997725594
191.22599659719992,0.1584050079690542,0.8535807618769407,272.26683234455106,512.0,128.0,cs,False,gauss,640.0,-0.00037870197384703985,0.021515588250146152,-0.021406964286314133,-0.015587834072113447,-0.7204478774847244,-0.015015202019502115,0.9884712259728785,0.006505350638198348,0.0039735459759219155
286.52741485078593,0.19484774559948453,1.819562321158127,52.0115834697351,512.0,256.0,cs,False,gauss,1536.0,-0.000576132516410064,0.01736489108041488,-0.19182934307116453,0.17401588916812993,nan,0.7343870470750081,0.9922118586226882,0.016264906030522885,0.013701046695121824
74.32596854536845,0.17922270373091842,1.2741708668584424,697.9596241813166,512.0,64.0,cs,False,gauss,320.0,0.0010789056380839394,0.026964181708427803,-0.012435027069596852,0.04155299244569953,0.9004547883767199,0.03839012714617856,1.005583907100397,0.003808758199506791,0.0012706756364919845
214.14061042506665,0.0987706690753899,0.8092890536736557,670.589669194994,1024.0,256.0,cs,False,gauss,1536.0,-0.0012791929343237696,0.013102508159642106,-0.010730112641316437,-0.10777403174533143,nan,-0.229647326615976,0.9763016465374145,0.004177216468468137,0.0016592001538077545
236.35212419034576,0.2714957771629111,0.8058120626968084,440.84753246426453,1024.0,256.0,cs,False,gauss,1280.0,-0.000814939092850131,0.03775689529337291,0.0004691008661220604,0.03587987415555429,-0.029885485529970494,0.02392362579321306,1.0576889113357533,0.005069053371982379,0.0025460002415010068
78.88036299435672,0.14893488387132534,1.9739111449176958,348.3002835512306,1024.0,256.0,cs,False,gauss,1280.0,0.0001541429809561734,0.021857081207624644,-0.02578655184227536,-0.061489537807266896,2.553201595840146,-0.8101084723475145,0.9103658693598536,0.0045339355308654915,0.0019409064068144101
173.1780168504628,0.22315942756570462,1.8803650390368158,636.4720665203524,512.0,64.0,cs,False,gauss,384.0,0.0013514837184797812,0.0318221551087772,0.0014258371835829267,-0.07628988373705163,1.2890747858362397,-0.23344859536479423,0.8242035160387219,0.0036891468741786504,0.0011077174183844688
84.06229337206258,0.3674247236366579,1.6600330129765957,236.3808124932056,512.0,64.0,cs,False,gauss,384.0,-0.0015420347834462099,0.054608794319424316,-0.003153892188827474,0.04674997577892156,0.6000752152081559,-0.019071180164900153,1.069529943778426,0.00598966176554032,0.0032247320674715775
84.1392730373713,0.19506154942239,1.9936447238223594,106.48214163705723,1024.0,256.0,cs,False,gauss,1536.0,0.0005446615214932393,0.028681873020811002,0.04003904092985277,-0.031779906583135585,1.914641900584795,-0.6778643723861234,0.996090962656101,0.008988234342735922,0.006294523002334141
155.99247247547368,0.27383654211006997,1.7305885088707582,610.1650996087005,1024.0,128.0,cs,False,gauss,768.0,-0.0020658686946768146,0.0398657080141344,0.004543778137816041,0.005632331874845155,0.917102598024729,-0.058836364103446684,1.0011303014380457,0.0038063580664160737,0.0012169976594315166
99.89472612316965,0.24076188679929983,1.5319541383344681,536.1585699565461,1024.0,128.0,cs,False,gauss,640.0,0.0013699800217944758,0.03607382713568135,0.009884229422574503,0.05516630698688258,0.9218057245186099,-0.015752007179771828,1.0867291289189056,0.004075450067430922,0.0014849977025515174
260.8062071438832,0.31819235380295874,1.9874311108030518,208.73802371737082,1024.0,64.0,cs,False,gauss,384.0,0.002490225852073813,0.043350426615988875,-0.003953658652814413,0.010617868309027072,-0.7793324192478309,0.03532114365552189,0.9962866154039163,0.005842921003902268,0.0032418579817158717
199.37501376768992,0.25092650550661066,1.6729031095010396,562.2216525267972,1024.0,256.0,cs,False,gauss,1536.0,-0.001813764921455352,0.03560451272334584,0.002873602898266081,0.023604161128546908,0.929020042485477,-0.03920245893954457,1.0386247873548056,0.0039267863599102655,0.0013478919741604892
251.8429615047016,0.3432991771407592,1.506791488655087,464.26845223269214,1024.0,256.0,cs,False,gauss,1536.0,0.001558497261888725,0.047335268336467236,0.00931368552704207,0.024599817841934903,0.12857151436820524,0.014025273678888322,1.0356924266396277,0.004320681688026462,0.001747903176088434
147.62528746808042,0.3421259045805132,0.6752341279850769,601.7918936965023,512.0,256.0,cs,False,gauss,1536.0,-0.000804988247414357,0.04959713395180837,0.0012067663963961782,0.02709820031576759,nan,-0.012534422042945782,1.0484713440634539,0.004656801041425296,0.0020152250556876006
24.826465512276496,0.10261552180062003,0.5348145436715855,727.5593493431121,1024.0,128.0,cs,False,gauss,768.0,0.001038300504946993,0.015817821697803536,-0.005052324349294497,0.10379592379784983,nan,-0.5191604373013485,0.9720021255570587,0.00435963396317624,0.0017982061144476021
147.6486168666052,0.31768287635118886,0.7735581028836498,618.0469441552104,1024.0,64.0,cs,False,gauss,384.0,-0.0006728096824984986,0.045869466394691624,0.00016544601394523248,0.04636923778189287,-0.5556350262350589,0.024565590396630848,1.0707464640514444,0.004463951759063576,0.0018480410053147954
272.51336155397416,0.22343258807193178,0.8808982900918765,892.1254475480806,512.0,128.0,cs,False,gauss,768.0,-0.0011499497260166747,0.029821155866305613,0.008041890112675825,0.05256000593323422,-0.1265399863309696,-0.0054938277822096085,1.0089649854732101,0.003748125338203287,0.0012127781365727159
0.21782856546919138,0.4825835607157939,1.3574016941464566,82.44208198929141,1024.0,256.0,cs,False,gauss,1536.0,-0.0009496995504604255,0.09708016896023564,-0.0004757234368235897,0.07679047857621138,0.23156108660606958,0.0633685137373914,1.1233389033272219,0.013392783425010681,0.01038532008456434
159.74920300663393,0.451610764922207,1.187399409658509,919.8357984115237,512.0,64.0,cs,False,gauss,384.0,0.0004956034748154616,0.06471689094733035,0.002662082779964355,0.12435831036013503,0.25578463192854295,0.104694477433801,1.2386763791555782,0.003728977511847531,0.0010282015528157258
145.63650263957095,0.366747397740173,0.7402033473931852,849.5232333214178,512.0,64.0,cs,False,gauss,384.0,-0.0008233760190966295,0.05366321565045772,0.00042132760961476534,0.07950641068602274,-0.38611230136501,0.0612044135664531,1.150207402755828,0.004027587555568123,0.0013824585337151364
275.0799151576979,0.28064437429783684,0.5917129787800236,93.7805290196179,512.0,256.0,cs,False,gauss,1536.0,0.0008938206917869789,0.03668413675081947,0.03378852648108576,-0.08286223498842586,0.333443656539402,-0.0111553767779685,0.9769163373758267,0.016046640175143314,0.013479898358458448
104.54047719438036,0.20759128259800874,0.8378448417825111,699.6581740145488,1024.0,256.0,cs,False,gauss,1536.0,-0.00336836953629549,0.030892587642848548,0.005370548964021085,-0.003816022635249554,nan,-0.028151186426342324,0.9650293562707566,0.004111344050578293,0.0015691618372947519
200.90167832462967,0.4548581427006031,0.7328755150514094,819.7566707194618,1024.0,256.0,cs,False,gauss,1536.0,0.0014101373781210125,0.06326331366176552,0.00478269521122394,0.0990097271235698,-0.18672160099970608,0.0828110999719802,1.194551680408361,0.004134647365936164,0.0014491624588597565
136.42416320371834,0.4349180433911861,1.9467787622861326,590.7300451720298,512.0,64.0,cs,False,gauss,320.0,0.0018420796034982281,0.0626602810946747,0.00653436753653724,0.09613052074487474,0.6219449175337999,0.05163958723000975,1.1902765544271874,0.003907983962823214,0.0011793143182796616
109.9238280792674,0.11424337123048181,1.0111068060459796,804.6064360780791,512.0,256.0,cs,False,gauss,1280.0,0.0007071448097732128,0.015800504962689723,-0.00584347034622787,-0.0005256841453336879,-0.2905505378078268,-0.17490671740844702,0.9772586249969444,0.0037622267895598004,0.0012416893469537479
96.7948633841422,0.05133783830807173,1.359115590705738,748.2094621679718,512.0,64.0,cs,False,gauss,384.0,-0.002515784559676637,0.0077396050604652275,-0.0306688921217081,-0.26847734687042385,5.107578624538155,nan,0.9012711086494438,0.0036506546865625873,0.0011354139184021333
138.65141524754466,0.06746265887520939,1.672872637663286,74.09563463875534,1024.0,128.0,cs,False,gauss,640.0,0.00028085484299134674,0.006920793870871844,-0.5711450049713789,nan,5.991827749407291,nan,0.9936464733398499,0.012761567093228732,0.010116697957415429
84.88208013229706,0.48581749481258113,1.0195199759510314,432.0869212046988,1024.0,256.0,cs,False,gauss,1280.0,8.326525674950958e-05,0.0710847658008773,0.000764329290475453,0.18098885862831904,0.19655623085746435,0.17994624488551852,1.3821434721394104,0.0051346568843329,0.0023267963478955937
158.36640713031787,0.15450420773093282,1.9012043362675581,579.2109553602497,1024.0,128.0,cs,False,gauss,640.0,0.00017873125619964796,0.022365024324909888,0.006803877311810439,-0.06310809913884799,2.1671786578990027,-0.3763904408745657,0.8815550246498687,0.003762379460853338,0.001204217835324605
60.02306729876403,0.22680406789128943,0.5555420569250458,921.8709057844254,512.0,64.0,cs,False,gauss,320.0,-0.0015993476434422477,0.03455929686500331,0.009677956669789102,0.039931539917708474,nan,-0.05313311219099027,1.05604541463339,0.003990566955418218,0.0014101211825477567
212.02143636677658,0.17941636305471015,0.9252356638822365,684.8305244923201,512.0,128.0,cs,False,gauss,640.0,0.00014398208872723472,0.025802434944956966,0.014121352276524966,0.006262973985651603,-0.3179685475789153,-0.0042887627818230314,1.0022260529689644,0.004060021306381904,0.0015339952362793331
192.6142475231193,0.1246152036749824,1.6506792333359264,697.7707156151519,512.0,64.0,cs,False,gauss,320.0,0.0029797619268009173,0.017914566445860557,0.016401882780867655,0.019772358659950667,2.3530829665561175,-0.2865298269733073,0.91181729263228,0.0036409727993531225,0.0010895426628282348
265.2168281421393,0.07878178444081277,1.8417382545001837,255.14394725237383,512.0,64.0,cs,False,gauss,320.0,0.0016133652436956926,0.013807597825246801,0.23492259491532544,0.06668877220312597,nan,0.3739788360373585,0.9637218118446073,0.005357775050758629,0.0027619877509736227
156.51069367471268,0.4469546752594606,1.28837077359714,174.99521885598585,1024.0,256.0,cs,False,gauss,1536.0,0.0012313957745528903,0.06360120320226668,0.0012676784048931671,0.04664432042621982,0.18794559028521363,0.041799960246228667,1.0840370385258464,0.007748442650161169,0.00505018924077894
129.2163153204591,0.34356080926608484,1.505788101704544,585.0816623324861,512.0,128.0,cs,False,gauss,768.0,0.0010963632644114263,0.050048670491510225,2.616992653732443e-05,0.10776620311380031,0.627166535985836,0.08302785632299076,1.2028836836610228,0.0040288985717266265,0.0013883402252961852
189.64310783339442,0.18528543175943485,1.9965222306542705,206.9912851462039,512.0,64.0,cs,False,gauss,384.0,0.0025885096615670907,0.0272273865233915,0.03087215977877817,0.028478422066847562,1.2985392120940986,-0.11140515333942429,1.013176713947054,0.005864485723366982,0.00323550777637501
160.79235750814684,0.12436268510066745,0.6695349185600563,154.86287483114734,512.0,256.0,cs,False,gauss,1280.0,-0.0015634270884315403,0.024786526249427242,0.2666130741766409,0.019936525539701964,nan,0.00943084016533738,1.0292678223376888,0.01032882756812692,0.007751169398929865
98.45383592543847,0.17227125047168682,0.9264486962831822,895.7275232494053,512.0,64.0,cs,False,gauss,320.0,-0.00039896497592620495,0.0256773770950132,0.008489875065776746,0.027079952767506407,-0.5291094714406178,0.0051756635788599075,1.047392419308459,0.0036847865767428898,0.001167338114727676
199.2919447753495,0.29238693057993537,0.644990919855508,975.7214346939943,512.0,64.0,cs,False,gauss,384.0,0.0034128456212946584,0.04157699645012659,0.006847199069029046,0.05038092484448204,nan,-0.009134931514098332,1.0704833763056645,0.0038584767964953137,0.0012731047323895866
193.88191608322032,0.15069399556895083,1.646600473243789,688.9278725722029,512.0,128.0,cs,False,gauss,640.0,-0.0021863048307149135,0.02043934048173488,0.004886162767138836,-0.10068163639075499,1.8649392686587374,-0.4401590619063045,0.8595270494568176,0.0036588020988580494,0.0011067078587901646
150.9439327772716,0.4381551095535329,1.4206767101156546,338.61313829189976,512.0,64.0,cs,False,gauss,320.0,0.002692723607121214,0.06329692419384175,0.0026555129439008894,0.088818145825326,0.38536896853102176,0.07305197496545929,1.1593110251235088,0.005240308265003382,0.0024861355664655086
129.40850949685722,0.2490808009371644,1.5199269652767486,687.5360998069771,1024.0,128.0,cs,False,gauss,640.0,-0.0008290223243018656,0.0364194385237441,0.0021790517243776833,0.0004533031223813904,0.8509226402451954,-0.0425677121897571,1.00385478644873,0.0037428454989562113,0.0011707726445476252
142.27270626168263,0.24061548019817952,0.7853918079141395,554.8089441713241,1024.0,128.0,cs,False,gauss,768.0,-0.0004503248414143549,0.03488517872087229,0.004152305669701384,0.03610464739625802,nan,0.0163835325737289,1.0454464979783284,0.004614342862261591,0.002039653529750197
260.8535343850537,0.18834988096070143,1.9212391758924487,176.9264394292976,1024.0,128.0,cs,False,gauss,640.0,0.000486329917809199,0.02561302420504303,0.04016512797890311,-0.050420457896844864,nan,0.1140329871744054,0.9666866880206746,0.006509538578066021,0.0038915204058119707
241.47057829453752,0.44359278155718046,0.973112157071105,977.5786137012093,1024.0,256.0,cs,False,gauss,1280.0,-0.0009382746107996498,0.06056283902918509,0.00665532303074413,0.12312495943129362,0.08274136029540903,0.09837278475715855,1.2340859723402406,0.0037325746314053054,0.001076716485182969
176.2389955904732,0.07882315899822406,1.1254957606831757,318.1248813233386,512.0,64.0,cs,False,gauss,320.0,0.0006750526920793486,0.010311600116844647,0.08507612124057547,0.3213921006764583,1.871562875456421,0.41140575390257367,1.0220792924444349,0.005484900698405015,0.002960152459658676
230.64609154661898,0.07031760580494077,1.006916453109907,310.56560865399035,512.0,256.0,cs,False,gauss,1536.0,-0.00015526280082445013,0.00943274190967084,-0.04824067802905531,0.14426512351139667,-0.19264550288570104,0.23650500920025685,0.9952459862608876,0.0056994216545652055,0.0032070211807609175
63.22558741928381,0.23939826436520667,1.0069831064564418,621.8935106084502,512.0,256.0,cs,False,gauss,1536.0,-0.0018182538842292837,0.03562120918924831,0.0001241054023273666,0.05283272968525487,0.03127046095992899,0.033140450073235364,1.0914091104294705,0.004171725591807275,0.00161976283629071
241.3817972047451,0.24974386912885915,1.8777852050631783,42.04548557433836,512.0,128.0,cs,False,gauss,768.0,0.00071068042755984,0.03885351930137316,0.15405903738333535,0.03102709078790497,nan,-0.06139641215897137,0.9753639239374439,0.01927032901423817,0.016556803741175168
150.59298892521426,0.15976374356177103,1.1183051141711151,286.3038822221416,1024.0,256.0,cs,False,gauss,1280.0,-0.0006327838456275936,0.022965351625407776,-0.031068569896357028,0.04236072784377347,0.39211702340275933,-0.03661555251429852,1.0053719807479116,0.005821202739180358,0.0033088570279585813
244.42412446684273,0.3843813809588505,1.9091789916657518,809.4340425349031,512.0,64.0,cs,False,gauss,384.0,0.0013848924120362927,0.05265135099554728,0.004014825220344054,-0.011682595305772552,0.5305396335503186,-0.07665212693592999,0.9573423917198332,0.003522495354947386,0.0008769801586746273
126.78544766785481,0.21810881308836316,0.562461107110948,328.76576357089954,512.0,128.0,cs,False,gauss,768.0,0.0017101712632909827,0.0313476397354392,0.019259081514915028,0.08907236045559118,nan,-0.08716159542075198,1.04986485660992,0.0065706922505096325,0.003926956781244746
14.764637811310365,0.11184130961308918,1.5001563812678989,69.05225634176514,1024.0,64.0,cs,False,gauss,384.0,0.0024951522437763884,0.017858627689542505,-0.001574243266367537,0.20871861487713916,2.5586795374541897,-0.16955847922048337,1.0081915432101038,0.014190687968110726,0.011595692973850555
108.1455982645691,0.2470501184909445,1.8335510066734848,360.27714289838184,1024.0,64.0,cs,False,gauss,320.0,0.0026144458693131423,0.03637805810037745,-0.0058073991950102,0.003907266316713098,1.156174935786458,-0.15593736218333165,0.9708889353841862,0.004611729580438095,0.0019726745688765156
47.620269427022144,0.14522673388749452,0.6555598477492122,944.3080981285657,512.0,64.0,cs,False,gauss,320.0,0.0013063471595334795,0.02229371896953323,-0.017673723199470522,-0.031162057266473808,nan,-0.17846511891077865,0.8998494457416399,0.0038141176283367894,0.0012898946177102369
40.09587117389108,0.4044524944634471,1.809002026401874,455.8376781159876,1024.0,256.0,cs,False,gauss,1280.0,-0.0005988861906582876,0.06259723872011916,-0.0009226178326820447,0.20362494643045967,0.6911698139430049,0.1677583111915904,1.4336109399943227,0.004342490273812851,0.0015813800890781156
297.3290146061098,0.407479746550246,1.699368210362172,810.5917860680074,512.0,256.0,cs,False,gauss,1280.0,-0.00014687234622670818,0.053649420651409485,0.011088432096492244,-0.028797706675061763,-0.09807344309594598,-0.047677100283093576,0.9324269415515378,0.003527248546087436,0.0009518189425370312
176.1464484971795,0.17618439799703745,1.4718013484922894,14.699955375894994,512.0,128.0,cs,False,gauss,640.0,-0.0003905643695963912,0.03093547925541502,-0.01708128961062203,0.12987003580076084,nan,-0.08351168358172423,1.005981547945852,0.05745999723339623,0.05501224962725033
44.06238924387479,0.2268976159510011,0.7618530729466989,204.63793293592803,512.0,256.0,cs,False,gauss,1280.0,-0.00014285563139169498,0.03610236131522423,0.019488519092286022,0.051877558513719016,nan,-0.030861838463789204,1.021915530240386,0.008167729444675698,0.005577614738217529
158.0355522030197,0.45643857449569236,1.7579002142829343,77.5558236007494,1024.0,64.0,cs,False,gauss,320.0,0.0055360632101753016,0.06572898162459034,0.002385712281750193,0.03435896424252127,0.27238712388407815,0.0007977019866544239,1.0303403391632444,0.012331902942927075,0.009464819108605188
282.75967233820995,0.11187155257088371,1.6579242084218988,62.188868616149094,1024.0,256.0,cs,False,gauss,1280.0,0.0002803859045823476,0.019891648404338963,0.029128554240099688,0.06268755401346822,nan,0.19439148602643677,1.009078282109316,0.014692233414355488,0.012102335271718412
188.27926684752455,0.287182005609086,1.9221327190132946,767.0894190628205,1024.0,128.0,cs,False,gauss,640.0,-0.00165195838980382,0.04070867340313391,0.0037178467753544017,-0.03226175767266681,0.9539777576075404,-0.10786674567314511,0.9178080721913616,0.003521091083574235,0.0009112918295087555
78.96155549543519,0.08820201560746,1.930453874792423,679.7411455527925,1024.0,256.0,cs,False,gauss,1280.0,-0.00045305992303390497,0.012664370172566894,-0.015823481327581188,-0.024615990724092138,4.541578972965572,nan,0.9646471719073532,0.003557549146863903,0.0010065081687766664
273.67106825902124,0.4089484619670915,1.0610223294489005,212.07272084070885,512.0,256.0,cs,False,gauss,1536.0,-0.0009801393755239217,0.05569505848145067,0.009077965651477128,0.0010075856361718692,-0.027792819543461647,0.004353628569372613,0.9878891732308425,0.007100044284564011,0.00463323378718278
126.04441837523042,0.29578587816165275,1.2397828234945563,989.9304629240146,1024.0,64.0,cs,False,gauss,320.0,-0.0025569256310008504,0.04355900072284495,0.003370830507510406,0.07875288269398607,0.42654934006709444,0.06929507920486844,1.14628347806931,0.0034981335180691575,0.0009191125250365656
287.4368860306165,0.08154753948588986,1.0708677359581549,134.82491977422868,512.0,64.0,cs,False,gauss,320.0,0.002075997244143021,0.004694579986829719,-0.06754966489491082,0.455114720734836,nan,nan,1.0020533376806207,0.009740396015876951,0.007182274574492287
81.19575837590422,0.2983437575104397,1.294184581982521,667.9899030220733,512.0,256.0,cs,False,gauss,1280.0,-0.00027598616556425614,0.04498339559836251,0.00030838835433192983,0.10651703190593066,0.5206574715738976,0.10031679681131153,1.1975725985391048,0.003920044625733357,0.0013234945447796488
55.6550636245919,0.3384234165661082,1.6900346132972452,970.8907064193128,1024.0,64.0,cs,False,gauss,384.0,-0.0020631788190974554,0.051491280948815145,-0.0011002122719349996,0.19967113141655507,0.7371635868889611,0.16649523824747336,1.4164111043153336,0.0034061217920162397,0.0007787455819951325
144.4248332520737,0.3271700601711272,0.9313050002099809,717.7791076566031,512.0,256.0,cs,False,gauss,1536.0,-0.0022714476285898683,0.04777081353530907,-0.0032529068808126948,0.07510054014521643,-0.06009449277919248,0.04980955386816834,1.1264830049808783,0.004085904833045146,0.0014724128493068087
53.67700911678233,0.46585780891745676,1.0742495526211808,374.1540224117002,1024.0,128.0,cs,False,gauss,768.0,0.0009603895216099377,0.06992436012550185,0.0009165634707390946,0.2088265640260976,0.27017650522037584,0.20635396485271768,1.4412861281628846,0.005429246873960736,0.002605400673074078
293.9175903947346,0.4067652945207178,1.0660862895082195,380.51033067508575,512.0,128.0,cs,False,gauss,640.0,0.001953783315611579,0.05323212005776896,0.007560428016292286,0.020642691036432265,-0.046368784340388235,0.0005473338592221139,1.0007968728262067,0.005101942127473371,0.002596387215381414
186.79020229740038,0.4733814107363368,1.5228987613918534,22.197182866734344,1024.0,256.0,cs,False,gauss,1280.0,0.0007396095015370641,0.06284879766621942,-0.022064365165035207,0.0011922075620011468,0.12769878853389297,-0.0033112454610012103,1.0037020343334269,0.03836422555857689,0.03571436869467678
142.1008670468721,0.1512073911533487,1.1543938849642545,491.2136706356282,512.0,64.0,cs,False,gauss,384.0,-0.00019734852118063326,0.022108169715877615,0.001986422109400727,-0.03133429883112866,0.66039028264647,-0.1008219293454692,0.9215152104492904,0.004442963002428413,0.0019081048648892582
273.2721070020988,0.34331702018971194,1.262624330887685,485.9694677765033,1024.0,128.0,cs,False,gauss,640.0,0.0009542064495329949,0.04684778099759356,0.013488766695881125,0.007638307504260444,-0.08067179762059164,0.0005314844589669515,1.004246923510012,0.004384479076441066,0.001859097396830454
256.0444858824692,0.3306478724119742,1.2166842072546935,43.04683724431389,512.0,256.0,cs,False,gauss,1280.0,-6.402308281733445e-05,0.04306479107531539,-0.05166792319162318,0.012661589561103224,-0.35051505726717824,-0.02373270722003773,0.9974331722349212,0.023575266928790636,0.021165181161404062
146.21618419471184,0.41560661877005556,0.7102540989684701,335.8425165836661,512.0,256.0,cs,False,gauss,1536.0,-0.00023897145575605175,0.05948782777793233,0.006904617486270652,0.03098516389602552,-0.3046509708734841,0.0077581049252894085,1.0452967268493307,0.006246226058592962,0.0035524203789354908
31.156684083655794,0.2117661584492646,1.2177132760170082,927.3244301154666,512.0,256.0,cs,False,gauss,1280.0,-0.0015545661469630566,0.03337168829823267,-9.516963689736705e-05,0.06205783084566487,0.5617242196868184,0.036832612798009326,1.1126564582904352,0.003522084044052036,0.0009832682618764607
250.63666910568563,0.25196944651506986,0.6225642905844057,568.2006124178329,1024.0,128.0,cs,False,gauss,640.0,0.0021253903106577795,0.03437734366293889,-0.0015358418599019108,-0.007960516091053846,0.007054180166626108,-0.009564806822037353,0.9668475634496606,0.004760136002208512,0.0021969398922435015
207.6143004878514,0.24970305178988256,0.846071815346993,484.86890874614204,1024.0,256.0,cs,False,gauss,1280.0,-0.0003756450041292325,0.03506692223606121,0.0027106935819880174,0.031994627297502104,-0.28251144946493545,0.0029011817572097555,1.0264808856748913,0.004807318293031715,0.0022585022029919027
284.1171795488805,0.2594919577548841,1.3552814861952442,237.932190961447,512.0,256.0,cs,False,gauss,1536.0,0.0006079099714195846,0.0341708681603456,-0.006939873828451837,-0.020944398502209326,-0.7824679873897586,0.015124421121647155,0.9818607944144104,0.006137631406219628,0.003617548775760984
193.15419363005645,0.4507019848001873,1.457457699549737,292.66812455935354,1024.0,128.0,cs,False,gauss,768.0,-0.00155734294103356,0.063053220797187,0.0029741990925794756,0.07748033527181072,0.274021457137677,0.0640265146381194,1.1456023288995565,0.005510350509075224,0.0028352681973397302
53.103191091862264,0.4718136819481977,1.9700269673422353,99.09657641473626,512.0,256.0,cs,False,gauss,1536.0,0.00017963619365350195,0.07034826074061422,-0.0032367400302904595,0.09221286769987422,0.6692634725289799,0.0362001049404116,1.1478048450580138,0.009886755588349172,0.006835184134925821
225.57933579747763,0.19191163757926383,1.3047515685162536,735.6758928203701,512.0,128.0,cs,False,gauss,640.0,0.002215395621173899,0.026672079404787913,0.017233575396633283,-0.030207852463186163,0.6614871221738402,-0.0987766457461868,0.929922907985504,0.0037411469817149046,0.0012012152843504172
54.87873450761064,0.0612473826715341,0.5137624614503635,949.5990704750525,512.0,256.0,cs,False,gauss,1536.0,-5.252795123788443e-05,0.008843615368912679,-0.0579707320468565,0.27806294959160704,nan,nan,0.8990318523454695,0.003951197843500731,0.001390481187885856
215.01351326138436,0.38641620199260385,0.5420151515475997,120.88050129224294,512.0,64.0,cs,False,gauss,384.0,0.002499481068723514,0.05501616723541597,0.015781945436179882,0.050326378434022864,0.08374519204080053,0.06640208218109678,1.0367645622502493,0.013452465900241739,0.010797432161954093
278.18960707314125,0.30255971355575784,0.641491283801182,789.7369053907687,1024.0,64.0,cs,False,gauss,320.0,0.004797894167339223,0.04121911740557202,0.012185398118855446,0.003692785338879828,0.1346804970337943,-0.01896598544256519,0.972146073846307,0.004123725348457667,0.0015708696402304478
150.25670870892236,0.4650544510756683,1.827963452807715,783.7609327912845,1024.0,64.0,cs,False,gauss,384.0,-6.366907414967482e-05,0.06615945143185113,0.0021675387050346436,0.10342066369845826,0.5523661429281981,0.06873075187529795,1.1904888297975795,0.0036814736394918945,0.0009359381216877607
298.07733968763614,0.48981495524976404,1.7787435703857755,302.40892555144563,1024.0,256.0,cs,False,gauss,1536.0,-0.0008537219036389709,0.0642874128364897,0.015294011443521374,0.008786321679403427,-0.40493456346926937,0.01503909564055146,1.0108296140187742,0.004968406704292565,0.0024483736880081246
267.56970820441467,0.3096956757539561,0.6373905631199455,521.0669288170659,1024.0,64.0,cs,False,gauss,384.0,-0.0012640806860944043,0.04207974859575064,0.0083932291254794,0.007734625485887523,0.20082984232230736,0.014285322129158102,1.0193098844326738,0.00490745120418413,0.0023757595282596377
161.82470125919968,0.37365479800967405,0.8599164904641416,880.6191409408741,1024.0,256.0,cs,False,gauss,1536.0,0.0004971741586639045,0.053889343105936856,0.005016902325995816,0.07922351143738335,-0.17849974887043163,0.05900494573751148,1.1386298394503729,0.0038923348673978175,0.0012495887348641542
120.26525977785047,0.3091160212983779,1.4664304149306193,81.5988246543441,512.0,128.0,cs,False,gauss,768.0,-0.0019859168701605867,0.045258410670698794,0.02828779512829371,-0.023454000942972984,0.41357288112402996,-0.10170939289655372,0.9855368642396428,0.012731084172121432,0.010029767152218556
215.66287362720544,0.11453272654681922,1.186925056250044,229.7899590019076,1024.0,128.0,cs,False,gauss,640.0,0.00019631511967089328,0.014958034956377425,-0.038609832263082566,0.09836856433313694,0.24859059069479508,0.09410815107527476,0.9703454525867341,0.006500726552329536,0.003988884126028849
128.76153401118296,0.17284413397894782,0.5752569132948024,363.2493654989907,512.0,128.0,cs,False,gauss,640.0,0.0018925158999072433,0.024978460790883283,-0.02622101856328177,0.020447326866218307,nan,-0.19379579665710578,0.9697048168197174,0.0061269462557560425,0.003504004609544465
248.90968527922143,0.4087294481448315,1.7220423387565362,901.2429015780657,512.0,256.0,cs,False,gauss,1280.0,-2.8124513771288636e-05,0.05587287850800245,0.007369929468283942,0.02610203022490252,0.4686237324054683,-0.017905647314815594,1.0293453730645479,0.0035041853762491915,0.0008505103204318535
63.55128590583774,0.1594808247588656,0.7598850436283104,449.74040594200204,512.0,128.0,cs,False,gauss,640.0,0.001778819750706928,0.024585885979970752,0.01894590084950587,0.08319271043824616,nan,-0.02505056002611961,1.0801427380473947,0.005105916451768722,0.0025402083105998986
216.5732767035689,0.06015597763646866,1.3227121886308832,31.200072802322847,1024.0,128.0,cs,False,gauss,768.0,-0.0012438631246058467,nan,nan,nan,nan,nan,0.9723241814407053,0.030109818704754376,0.027604303156125574
297.0499099911892,0.19450970840510412,1.2119042039039787,546.3346177256515,1024.0,64.0,cs,False,gauss,320.0,-1.1004493284949568e-05,0.02624611007179801,0.012387382490395017,0.019828819054796665,nan,0.005874488058986322,1.0306554121025233,0.00419058383899245,0.0016719169684389355
219.57449381665995,0.09248111965471781,1.5306060028674633,571.4815296069942,512.0,64.0,cs,False,gauss,320.0,0.002099754580343748,0.012349857318961086,0.047031467849280396,-0.18062317638886177,2.7155699005755403,nan,0.9546289101443411,0.003919027804886272,0.0013875025725540533
71.55331679723744,0.43122467076158527,1.1218307477595866,562.015612355551,512.0,256.0,cs,False,gauss,1536.0,7.822189178949294e-06,0.06335488215118332,-0.000961355237397851,0.2025285347477021,0.28855997568798347,0.19172664259193278,1.427976889014913,0.004433092292778803,0.0017055528045095592
129.58602946257994,0.09835809616460474,0.8915326102961134,673.1345462191704,1024.0,128.0,cs,False,gauss,768.0,-0.0022679537917238576,0.014286947836415863,0.003998816059066048,-0.03265774666555722,nan,0.016776744916303106,0.9324313156231063,0.004073795308260121,0.0015744116954653454
38.393127713703066,0.16730117887049478,1.8782753755748194,328.5957720636126,1024.0,64.0,cs,False,gauss,320.0,-0.0021537921258437676,0.026070458086768666,-0.0011227895621682643,0.0017691753990564257,1.9742146691894302,-0.32316599266439755,1.0183937679745976,0.004720210025756996,0.002119244771635964
172.8752498833232,0.10447099834152933,0.7250998181409496,462.7413713587922,1024.0,64.0,cs,False,gauss,320.0,0.0002964742669062659,0.016125284811564628,0.04595022289835019,0.01080930145229725,nan,-0.25081629106761294,0.9833047079348389,0.005056215109349344,0.0025215047662124446
282.3723753373068,0.25540418555512784,0.6818798784386395,172.4635213648277,1024.0,128.0,cs,False,gauss,768.0,-0.0013685865708930984,0.034504597422643724,0.010372160487978859,-0.01446864126585352,0.3716557276450176,0.01919990928247585,0.984065817484574,0.009469691068032577,0.006944618602829565
247.58937075952696,0.27960377826686317,1.0639139324267106,980.2822069091598,512.0,64.0,cs,False,gauss,384.0,-0.0001856028073531408,0.0380486254085689,0.005087698143386938,0.044986298595012825,0.06803382774779444,-0.0032105878380206602,1.0508313648534158,0.0035622081486526044,0.001014342728051366
105.23436397074147,0.30850903921170314,1.451312873487895,854.4159077339784,512.0,256.0,cs,False,gauss,1536.0,-0.0006334434984948185,0.045692232384685366,1.561839794352417e-05,0.12444886325883463,0.6435052391135366,0.11289372265854275,1.234613643491051,0.003560084086703722,0.0009706615676269773
150.51665469827842,0.2555188103729895,0.5908252352076317,416.9346411812902,512.0,64.0,cs,False,gauss,384.0,0.0027493203189541474,0.036941085362069755,0.0012531735169518977,0.019227802935117357,nan,-0.09708838842051686,1.0387616478208002,0.005689432492831714,0.0030476253995982147
209.95978849537835,0.41313231032734044,1.1383884544170364,252.70079412383615,1024.0,64.0,cs,False,gauss,320.0,-0.0008026002613649164,0.05750718241667111,0.0043284113523325415,0.04279855637105621,0.09050005916858918,0.03806293871469195,1.0606046127120006,0.006353772068264818,0.0037604224605626386
260.8659041286731,0.4056281131084809,1.7072326069956154,99.24311056877853,1024.0,128.0,cs,False,gauss,768.0,-0.00022432162874232338,0.054859691622640344,0.006238015786695234,0.001405988443223145,-0.3152197551152125,0.006207099954831529,1.0017788336665303,0.010087861607419257,0.007511139700761888
51.183777468864,0.2613715492296736,1.499698515361943,979.5364392726807,512.0,128.0,cs,False,gauss,640.0,-0.000243222530688314,0.040081711814364186,0.0028433749587491904,0.11149440628783279,0.8084235172001011,0.09812537309114783,1.202585856843913,0.003389755614245349,0.0008278372795467259
66.2944467343098,0.05935676260356794,1.7196793937943742,104.73954080738483,512.0,64.0,cs,False,gauss,384.0,-0.0016741041031065453,0.013992666135099717,0.33147632192899507,-0.4661446370970321,3.8579679028599423,nan,0.9817089543554879,0.009625256590164685,0.007033094520605619
22.146534334491687,0.4664845045668063,0.6158459864715131,339.7454660444626,1024.0,64.0,cs,False,gauss,384.0,-0.002032079391158903,0.07483320346164747,0.0012682082336937343,0.16694864366881149,-0.18820067623628212,0.13919090841545642,1.3497364070746976,0.006576290830420661,0.0036598978785579214
57.05566580973689,0.12190042439902309,1.4341448987643033,889.3205746746874,512.0,256.0,cs,False,gauss,1536.0,-0.0002642674771888796,0.01832758938982502,-0.007213150154882945,-0.0724892910567873,1.9127506397082656,-0.1546216067660187,0.8946642488476306,0.0034526111654835656,0.0009322690237567646
215.40108481518317,0.4355843571192758,1.337821390613336,433.26135140046574,512.0,256.0,cs,False,gauss,1280.0,0.0030310377942008894,0.060232664956906885,0.004474544276790743,0.0694906781255556,0.18619925547569274,0.04754935361737065,1.1198193250317665,0.004688878367336147,0.0020266524588975513
114.3508051472958,0.4157888155677297,0.971527320740978,348.2030022455265,512.0,128.0,cs,False,gauss,640.0,0.0016005802638978661,0.06005378747068828,0.0020198656909307194,0.09738773804153399,0.05557121451981421,0.08872621132072211,1.1702109896372146,0.005696170952195545,0.0029715434208346476
18.131325474461423,0.250817727510138,1.9717494204688415,871.4370882137656,512.0,128.0,cs,False,gauss,640.0,-0.001853415917655199,0.04127058322811973,-0.0003613577586586222,0.054820475850025654,0.9664156020342911,-0.012666292779613756,1.1007956393441045,0.0033467298777205556,0.0007795501417095522
141.2355190938238,0.4509645209033474,1.708569386831822,680.8750108427719,1024.0,256.0,cs,False,gauss,1536.0,0.0022349042626068627,0.06503356314111879,0.001324150141616794,0.11309661646067225,0.5209555224382002,0.08204412561977022,1.2173222404366237,0.0038581201219006767,0.001113911466080755
234.85898377858345,0.278390276361784,0.5803715937832646,808.2336789346492,1024.0,128.0,cs,False,gauss,640.0,0.00042189409379534706,0.039077211140267076,0.009819253538463118,-0.008907560286147894,nan,-0.04557128809655294,0.9583054953833123,0.004177467270223293,0.0015904991534672185
234.067318912354,0.26745475958166043,0.610373129830011,117.29099061137528,512.0,128.0,cs,False,gauss,640.0,-0.00074497467776935,0.039117592616210686,0.0418151676702511,0.05311566570567198,0.11309835501782114,-0.01204309451536225,0.9889596061352013,0.013341245668198387,0.010687564672078606
93.64057739385717,0.15394695768010844,0.7362553111518763,587.387874714125,1024.0,64.0,cs,False,gauss,320.0,0.0014834691574354686,0.023181355198241545,-0.0007867732750049779,-0.04093289652366465,nan,-0.18557325184258291,0.9634988106908852,0.004518478342731032,0.0019723465508096256
199.42870273590114,0.18631537056229347,1.560446098031602,442.95858673212814,512.0,64.0,cs,False,gauss,384.0,-0.001320835493105031,0.026290765463833618,0.011771232290298375,-0.08754457720418571,1.0491567047718242,-0.21067017782196074,0.9917041168674691,0.004344352085637892,0.0017823539917109423
130.22552327855107,0.23467380479927907,0.502891452341035,374.4512586622475,512.0,128.0,cs,False,gauss,768.0,0.0029845305269247113,0.03368353709966039,0.0024513689026881324,0.010768287707579918,nan,-0.20834111051978094,0.9919405590683157,0.006269596105792002,0.003584474674059165
147.53102699919177,0.24053818348124212,1.275065696888277,574.9443149111171,512.0,128.0,cs,False,gauss,640.0,-0.0012612650727076291,0.034927443801412876,-0.006360752605196863,0.0022864385695326576,0.5472087178448711,-0.01860332196559647,1.0307884256482482,0.004102497222396069,0.0015417358281010736
111.46585825728616,0.3535661642918116,1.988124307314104,204.39095512511872,512.0,128.0,cs,False,gauss,768.0,-0.0005007544830802901,0.05140700634179532,-0.0010392770928775935,0.0641387019731146,0.8408719506548482,-0.038683551208439824,1.0738632208103847,0.0060843242524495356,0.0033133818258503913
276.39935840022275,0.46483521245802917,0.9584081087826477,786.5988972745544,1024.0,256.0,cs,False,gauss,1280.0,0.002590818806841755,0.06173355274462301,0.008215241993177564,0.051631967598104,0.04179283523712133,0.03710717366216834,1.0934142040014858,0.0038985342317710793,0.0013402411348520285
159.49326190941613,0.054693483326120645,1.0575987844605548,946.2059751248929,1024.0,128.0,cs,False,gauss,640.0,-0.001139187068874207,0.00762829825673811,-0.017615279236112533,-0.2843177447488953,0.9468411987429469,nan,0.7681834581472079,0.003536080174881162,0.0010304230937821532
261.31975521944537,0.47124039755305575,1.6583776530657472,266.8076942999608,512.0,256.0,cs,False,gauss,1536.0,-0.0010974232004078183,0.06300719575375187,0.004266431022061161,0.024877873476622462,-0.11019248195597875,0.021293827843902657,1.0356528022410596,0.00544341688805372,0.0028874735434625707
