channel_ratio,incident_rate,length,segment size,fit_ref,flux_correction,smoothing,smoothing length,delta clean,CS,PDS 1,PDStot
0.8677846037678839,200.0,1024.0,512.0,pds,False,gauss,1536,-0.002210996341461915,0.008648634686989285,-0.01352420679543032,0.006333032847488979
0.8189595467445543,200.0,1024.0,512.0,pds,False,gauss,1536,-0.22844978882075292,-0.19527406249776294,0.46967961423477667,-0.14846174314910848
1.054980492409755,200.0,1024.0,512.0,pds,False,gauss,1536,0.00667612117016709,0.07504033286182268,0.142785664540456,0.068773029700412
0.897696233010972,200.0,1024.0,512.0,pds,False,gauss,1536,-0.007919978324499649,0.07037113867729777,0.007963890564925245,0.07265345436375241
0.928585014046751,200.0,1024.0,512.0,pds,False,gauss,1536,0.021484829280840483,0.07602722896233755,0.021342476697894762,0.06631188783095898
0.884262491482195,200.0,1024.0,512.0,pds,False,gauss,1536,0.026312331616834928,0.07141362744368397,-0.032177536102480114,0.05366889973080297
1.033388872674104,200.0,1024.0,512.0,pds,False,gauss,1536,-0.021752898826719026,-0.009017879264434195,0.03344811172942436,-0.004296874411560763
0.8323877758105311,200.0,1024.0,512.0,pds,False,gauss,1536,0.03640520132858959,0.0392050586592876,-0.023397131787994605,0.03912020439654267
0.9154028794863596,200.0,1024.0,512.0,pds,False,gauss,1536,-0.017926664190424033,0.03613960917688231,0.04142779282253285,0.03462798917818913
1.0507659187826934,200.0,1024.0,512.0,pds,False,gauss,1536,0.0577321509108066,0.06727312394799596,0.02444884001038383,0.08181736196401229
0.6993700776085494,200.0,1024.223491022464,512.0,pds,False,gauss,1536,-0.036703260147882576,0.015801052358184742,-0.06748732277763322,0.04664608956671521
0.5009824987336264,200.0,1024.0,512.0,pds,False,gauss,1536,0.004038963404576236,0.015128689059885032,-0.12220878300180119,0.020616788474053162
1.2373678860301252,200.0,1024.0,512.0,pds,False,gauss,1536,-0.0042897744639004065,0.039468537193306084,0.10611718386035976,0.03923185785933773
0.6176953987769283,200.0,2048.0,64.0,pds,False,gauss,192,0.0015902859415578563,0.029219769288964522,-0.0716874008741535,0.03505502274634361
0.7241366625284721,200.0,4096.0,128.0,pds,False,gauss,384,0.009088009092830357,0.03477818155924077,-0.05414567294709653,0.03566207900259616
0.7978198630926487,200.0,2048.0,64.0,pds,False,gauss,192,-0.02282487937700567,0.020254509364715814,-0.026048813178029973,0.022023241622856026
1.4662254120058447,200.0,4096.0,64.0,pds,False,gauss,192,0.006754111772804399,0.038643494561317805,0.16969531810341293,0.038734472074655885
1.0979916262817135,200.0,4096.0,256.0,pds,False,gauss,768,-0.0051671142767093095,0.031160195021245122,0.06610732248131118,0.03334460555281708
0.9652814851123169,200.0,1024.0,256.0,pds,False,gauss,768,0.010857988637482018,0.03763802563759566,0.021017808695390647,0.03859718223133085
1.217158924236191,200.0,1024.0,128.0,pds,False,gauss,384,0.013148688925404352,0.050674490209664844,0.11102043838899206,0.05208748467535974
0.6111524116265235,200.0,1024.0,256.0,pds,False,gauss,768,-0.001358728176826409,0.013812646652237089,-0.09283652544840329,0.010447256506655645
1.220548928384623,200.0,1024.0,512.0,pds,False,gauss,1536,0.003920324546452978,0.06576684763790067,0.13638836090234197,0.06511585947943958
0.7311592355677667,200.0,2048.0,128.0,pds,False,gauss,384,-0.0027258281976354154,0.04022241283311585,-0.03225138855666109,0.04506848446126275
0.6885755812408951,200.0,1024.0,256.0,pds,False,gauss,768,-0.010307404833361985,0.024053758752496955,-0.038236452494974156,0.024872480484485898
1.1354779764823544,200.0,4096.0,512.0,pds,False,gauss,1536,-0.006646733105701569,0.035789708830064014,0.07780630775618848,0.03632583994693816
0.5932693264406717,200.0,4096.0,64.0,pds,False,gauss,192,0.003993434265451561,0.011116759636400577,-0.11012278606771751,0.006856593015388551
1.1268387208546264,200.0,1024.0,64.0,pds,False,gauss,192,0.02345418987596971,0.08833936975780177,0.13677744106810005,0.09451253065637463
0.9134308532513757,200.0,1024.0,256.0,pds,False,gauss,768,-0.03808439807646303,-0.001116416581739129,0.009621138447197721,0.0068426281361106895
1.1122286573498368,200.0,2048.0,64.0,pds,False,gauss,192,0.023530333564979133,0.05898262079442016,0.07103911881630426,0.053072730233681226
1.1646482544685166,200.0,4096.0,128.0,pds,False,gauss,384,0.007543794125436189,0.046668286846347086,0.08400796851226676,0.04341685246506096
1.3164717969516953,200.0,4096.0,256.0,pds,False,gauss,768,-0.007697000923218761,0.027695756934938226,0.1149731673617835,0.027574928276242708
0.6374751420623695,200.0,1024.0,128.0,pds,False,gauss,384,0.007115384652104378,0.021107646872009864,-0.07992795467981781,0.024532143509883343
0.6409229289600051,200.0,1024.0,128.0,pds,False,gauss,384,0.027860799644840888,0.04179921435221966,-0.07193376757110637,0.03828936672072857
0.7902607302498104,200.0,1024.0,512.0,pds,False,gauss,1536,0.006787761940682775,0.05844756103576208,-0.0035608458430474127,0.058617866571144144
0.7810202152098201,200.0,2048.0,256.0,pds,False,gauss,768,-0.006105968569770506,0.03668278698639354,-0.02097055516619208,0.03805160185894575
0.8040493039849858,200.0,1024.0,64.0,pds,False,gauss,192,0.011809413107763324,0.07549940272017171,0.027112561822590205,0.07987679529304155
1.3585789565256507,200.0,1024.0,64.0,pds,False,gauss,192,-0.0048187464563896245,0.013930071861800286,0.11894567843181111,0.010186697532181738
0.6436928518388764,200.0,2048.0,512.0,pds,False,gauss,1536,-0.006552644525133918,0.018048468077871516,-0.06649001878922768,0.02192561370974247
1.1120201360233408,200.0,2048.0,512.0,pds,False,gauss,1536,0.007759915204557733,0.04745122206322902,0.06536395845387499,0.04582943997378053
1.1556098105670651,200.0,4096.0,128.0,pds,False,gauss,384,-0.004460460726970682,0.04273836106802833,0.0971238800567846,0.045928385873896825
0.756404237205779,200.0,4096.0,64.0,pds,False,gauss,192,-0.0008146385732148916,0.02857985935530424,-0.0387992652030062,0.027901919102610535
1.4307264214211481,200.0,4096.0,512.0,pds,False,gauss,1536,0.008323355116788389,0.05639047500393653,0.15812302815953008,0.051170364410178186
1.246522154078872,200.0,1024.0,64.0,pds,False,gauss,192,-0.018186137033610904,0.003985168502722499,0.09613191619190653,0.0035917452669704925
1.1455436448929053,200.0,1024.0,64.0,pds,False,gauss,192,0.02073847877967318,0.07870829550506862,0.11643597125032253,0.07853465174496252
0.5080578122286744,200.0,4096.0,64.0,pds,False,gauss,192,-0.0022613142641402257,-0.005725089981353989,-0.14885795768926888,-0.008036749892602908
1.2078440506754373,200.0,4096.0,128.0,pds,False,gauss,384,-0.008996872295052746,0.028870776592646627,0.09354007640447293,0.02526171324064727
1.1592454985843905,200.0,4096.0,128.0,pds,False,gauss,384,-0.010687846146589528,0.04163921111678368,0.10362476220550818,0.04299094072722917
1.2470506327494675,200.0,1024.0,128.0,pds,False,gauss,384,-0.013782620216852797,0.02976912903085324,0.12192439418380246,0.03451299741522031
1.2589579047515391,200.0,4096.0,512.0,pds,False,gauss,1536,0.0056135873821934095,0.043321556264394545,0.10691613766532046,0.04203680662656267
1.1539735471568553,200.0,2048.0,256.0,pds,False,gauss,768,-0.0005578326989536952,0.033277063968815954,0.09314499950493585,0.03177016027638124
0.7869967746969857,200.0,4096.0,64.0,pds,False,gauss,192,-0.0002532791706867204,0.035328927131915475,-0.028605821083686797,0.03578986528978383
0.7442772298548771,200.0,1024.0,128.0,pds,False,gauss,384,0.03691690445665825,0.06762417353972024,-0.05474787023589602,0.056797937836216096
1.2081493436589192,200.0,4096.0,128.0,pds,False,gauss,384,-0.007847233859615301,0.03300636964979603,0.10841430561483835,0.03428653027565491
0.8682467152350711,200.0,1024.0,128.0,pds,False,gauss,384,-0.010365579499134065,0.023991902916710068,-0.013602263002117814,0.024126248056950975
0.8821348496165713,200.0,2048.0,256.0,pds,False,gauss,768,-0.008631856822564019,0.04388431914813684,0.03102247172742763,0.04515669879898477
1.0139616626403412,200.0,4096.0,64.0,pds,False,gauss,192,0.00244370014659676,0.039019036411115836,0.04667141171630905,0.03855757031690897
0.8796804830032514,200.0,4096.0,256.0,pds,False,gauss,768,0.0064289934373964654,0.059327114491582,0.029457340061889787,0.05819871176277683
1.3397555246238415,200.0,4096.0,256.0,pds,False,gauss,768,-0.002227008841069746,0.04058005690647941,0.13448213354419916,0.0409510917559807
1.4653174958406692,200.0,1024.0,64.0,pds,False,gauss,192,0.009422902490701114,0.058312775514565734,0.18062862947436104,0.05715662168249504
0.7374758099879773,200.0,4096.0,256.0,pds,False,gauss,768,-0.005543827507563848,0.018780185870477983,-0.05389006880071101,0.02162976591329436
1.0094746010410256,200.0,1024.0,64.0,pds,False,gauss,192,0.011873993028087807,0.037630116693126874,0.042006790847186594,0.03664509604037393
1.3806718915592293,200.0,4096.0,64.0,pds,False,gauss,192,4.234838708215714e-06,0.04712116044855526,0.1489743015204101,0.03894793417538187
0.5349614969800661,200.0,1024.0,128.0,pds,False,gauss,384,-0.029513398241285554,-0.04263545727959793,-0.12017279716347279,-0.034009906433531
1.2376585413058971,200.0,2048.0,128.0,pds,False,gauss,384,0.006632208328189282,0.044698989587229586,0.11665028357865011,0.03815589529561836
1.3273232987881654,200.0,2048.0,64.0,pds,False,gauss,192,0.0023055896887070066,0.03160749107476778,0.12458452860444436,0.033446887705473244
1.0160200484094017,200.0,4096.0,256.0,pds,False,gauss,768,-0.003642894984833458,0.03961334590665538,0.050864240529038096,0.039958555355722174
0.6423360732584058,200.0,1024.0,512.0,pds,False,gauss,1536,0.011999581094838202,0.028854242101727306,-0.0741154865757305,0.03763265439797771
1.3992670484048282,200.0,2048.0,128.0,pds,False,gauss,384,-0.010677835034698466,0.042136556444692656,0.15496095807700513,0.04429477256768939
1.052459206058467,200.0,2048.0,64.0,pds,False,gauss,192,0.009308361929111914,0.035424303248898614,0.03974840158665768,0.03436802168767244
0.7423190376136606,200.0,4096.0,512.0,pds,False,gauss,1536,-0.0014717297792028149,0.014168125128123016,-0.06285567451688921,0.013858091083945558
0.7191920100938303,200.0,4096.0,512.0,pds,False,gauss,1536,0.007891549570021719,0.029494590303699733,-0.05610568110164969,0.025659132953320816
0.5250297738234354,200.0,4096.0,64.0,pds,False,gauss,192,0.000978746363603929,-0.0037601891930956234,-0.14420823887087073,-0.007374928103941846
0.520022634399967,200.0,1024.0,256.0,pds,False,gauss,768,-0.007657048006767922,-0.02837847135618943,-0.1601035901066313,-0.02632745713657044
0.5042882478629978,200.0,1024.0,128.0,pds,False,gauss,384,-0.0017191549508042874,-0.026394696788116793,-0.17714898852825475,-0.031210188165659333
0.7289828679766565,200.0,2048.0,512.0,pds,False,gauss,1536,0.0006828618282180625,0.05001360077212071,-0.016496053265121133,0.05221047587100196
0.7107289589918644,200.0,2048.0,128.0,pds,False,gauss,384,0.01346907332477638,0.051491333824050134,-0.0426643850062922,0.052789293701955634
1.0690845877540043,200.0,2048.0,256.0,pds,False,gauss,768,-0.004876839588932231,0.036796060985423665,0.06136577273432087,0.034958058062512294
0.745748677804,200.0,1024.0,64.0,pds,False,gauss,192,0.01769947043749143,0.041831364805069375,-0.05347881440319273,0.036023277066733396
1.2331964965530617,200.0,2048.0,64.0,pds,False,gauss,192,0.003872347921827288,0.03514560270590455,0.0963000969756188,0.03132370046088151
1.0521306187400108,200.0,4096.0,128.0,pds,False,gauss,384,-0.001573126961326116,0.03471106331529519,0.0455657947577634,0.038139514241738
1.2209938867528662,200.0,2048.0,128.0,pds,False,gauss,384,-0.005255848458241784,0.023349234027429354,0.10617715245226116,0.026096079706816912
1.2022686099636797,200.0,2048.0,64.0,pds,False,gauss,192,0.002027122355866768,0.04559994341236222,0.08702680450058019,0.04120363582268426
1.213501151500096,200.0,1024.0,512.0,pds,False,gauss,1536,-0.02199711897942264,0.021684786773196702,0.10526016424044266,0.017852988380824813
0.6899891279521465,200.0,1024.0,64.0,pds,False,gauss,192,0.021536225992049966,0.06058839437305567,-0.04930405019231548,0.05281443056084114
1.0865136361649672,200.0,4096.0,256.0,pds,False,gauss,768,0.00032930650902674363,0.04679623964189933,0.06538956524354095,0.047628958794751444
1.419226725223476,200.0,4096.0,128.0,pds,False,gauss,384,0.006836099807604822,0.04062279543803354,0.150867868482122,0.03985075570025032
0.9382542449938731,200.0,1024.0,64.0,pds,False,gauss,192,0.002493656598392681,0.030410934954237707,0.0021744986740029597,0.023231602105099638
0.7184447800763557,200.0,2048.0,128.0,pds,False,gauss,384,-0.010165297504149448,0.0128212418706835,-0.05970333230473595,0.009664953336119709
0.7556418160556897,200.0,4096.0,64.0,pds,False,gauss,192,0.0015988365920469297,0.04016204663377521,-0.04248059392570979,0.03519062720966987
1.2960881264402195,200.0,2048.0,512.0,pds,False,gauss,1536,-0.0011156130241494397,0.022785258943837556,0.11304369111971789,0.023192578354676387
0.9011889696365947,200.0,2048.0,512.0,pds,False,gauss,1536,0.007260577680316789,0.06586439442277436,0.01722717959485123,0.06220434641806778
0.9782615189880672,200.0,1024.0,256.0,pds,False,gauss,768,-0.023587042797069666,0.022398097169920594,0.04338742989457673,0.023702947286830905
1.2068276300893224,200.0,4096.0,512.0,pds,False,gauss,1536,6.463955477261415e-05,0.045960748768538943,0.11364347568436899,0.0453964488855013
1.1952182970611838,200.0,1024.0,128.0,pds,False,gauss,384,0.002368418316652321,0.05071517594370913,0.09631534790504737,0.042636914959345185
1.026590153996156,200.0,1024.0,256.0,pds,False,gauss,768,-0.010481039771574632,0.06366043245935839,0.0881215652273853,0.06286373331596702
0.9930495406983745,200.0,4096.0,64.0,pds,False,gauss,192,-0.0008850023944755167,0.05705931166542513,0.05469221933274749,0.05810665554803965
1.1279157288862507,200.0,1024.0,512.0,pds,False,gauss,1536,-0.0018181741813131564,0.0019333807130961366,0.01793241533698589,0.0021201101432611774
1.4070410010365082,200.0,2048.0,512.0,pds,False,gauss,1536,0.001250281963946896,0.04429839765707414,0.159976461080527,0.04546862256409676
0.6740215549132552,200.0,1024.0,64.0,pds,False,gauss,192,-0.02177654201675666,0.01369968752162166,-0.047795055738181394,0.01472561316615972
1.0988340081408534,200.0,1024.0,256.0,pds,False,gauss,768,-0.017413017929950467,0.023519053707901187,0.06550032593298703,0.021844109627874638
0.5975889313139999,200.0,4096.0,512.0,pds,False,gauss,1536,-0.021081946088868892,-0.014554465416723983,-0.10659612656244583,-0.00856124510669616
1.0037384031742294,200.0,4096.0,256.0,pds,False,gauss,768,0.007485661907389235,0.05425769499904975,0.04098983533297776,0.052184261471854815
0.7237746698739049,200.0,1024.0,512.0,pds,False,gauss,1536,-0.008729922545169752,-0.00032889889194107747,-0.06753074374889965,0.002306926976695648
1.3202273018981068,200.0,1024.0,128.0,pds,False,gauss,384,0.007854969359626972,0.045821176738524955,0.11807181319325914,0.0503276215629293
0.8844318817218404,200.0,4096.0,128.0,pds,False,gauss,384,0.002403777098979708,0.0296806554107735,-0.01325005374603575,0.025425235616704834
1.1406751896677059,200.0,2048.0,256.0,pds,False,gauss,768,0.0023261016606500587,0.037643445509697955,0.08133638561313153,0.03864027305890751
1.322395916909037,200.0,2048.0,64.0,pds,False,gauss,192,0.010175350844806141,0.052533942914509975,0.12307063058565876,0.049418436128265346
0.6513019372994011,200.0,4096.0,512.0,pds,False,gauss,1536,-0.004135510760075514,0.008038902707134758,-0.0928533120172198,0.009433507420728099
1.2862459764006462,200.0,1024.0,512.0,pds,False,gauss,1536,0.011026340558579173,0.05779249462940326,0.15736689868433063,0.05737426838372976
1.4216289048244612,200.0,1024.0,64.0,pds,False,gauss,192,0.001931758817902585,0.017407735587443313,0.1388515226941113,0.02046565973106221
1.1184665736807142,200.0,4096.0,64.0,pds,False,gauss,192,0.005785946089570552,0.052224039840072435,0.08396317883477085,0.05144877222348773
1.3628134937343854,200.0,2048.0,256.0,pds,False,gauss,768,0.0006734736012969767,0.03674906882137401,0.1125582877821978,0.03310740474516378
0.553066388602369,200.0,1024.0,64.0,pds,False,gauss,192,-0.0033929705372113127,0.018067256758626454,-0.08805766597837018,0.02382669794774002
0.5800112660946498,200.0,2048.0,64.0,pds,False,gauss,192,-0.015152159676568711,-0.008085380858350533,-0.11010676692212042,-0.0048161605623866025
1.0838506399464616,200.0,1024.0,512.0,pds,False,gauss,1536,-0.008294029712150599,0.038530229101160135,0.07478569341311667,0.040817262233318344
0.7972677247092281,200.0,2048.0,128.0,pds,False,gauss,384,-0.0046687294030006545,0.03173093090095682,-0.025759728117429558,0.03291634766556367
1.1925487884496342,200.0,1024.0,512.0,pds,False,gauss,1536,-0.0013566305180357464,0.041234540399106616,0.09791904130996601,0.037571192724124215
0.5991161826434872,200.0,2048.0,256.0,pds,False,gauss,768,-0.0007277108116300389,0.01845152887125398,-0.09418994913491538,0.01847825848352809
1.0327672797343346,200.0,2048.0,64.0,pds,False,gauss,192,0.005304383509258231,0.06731077181150134,0.07736625540185166,0.06625991558738527
1.254344716815883,200.0,4096.0,64.0,pds,False,gauss,192,0.0009934092632400662,0.04283939988214518,0.10830852728790943,0.04024351674584533
1.3987874089761765,200.0,4096.0,64.0,pds,False,gauss,192,0.01407761381131365,0.0579306422399492,0.1562269654763108,0.05854866447035576
0.6684197643942904,200.0,2048.0,256.0,pds,False,gauss,768,0.0031690028567762686,0.023759436772559137,-0.08421541726874272,0.018863284106888256
1.2753514770406067,200.0,1024.0,256.0,pds,False,gauss,768,0.0021772322511909845,0.05242967530538064,0.11494541805919145,0.04775854537664481
0.774399807532227,200.0,1024.0,128.0,pds,False,gauss,384,0.001461507322380833,0.016916545030629615,-0.06687553177399243,0.015925372960334083
1.2668780332860607,200.0,4096.0,64.0,pds,False,gauss,192,0.015010296142414184,0.06517040577780708,0.12413294870663397,0.06630591880504944
0.9246738939688073,200.0,4096.0,64.0,pds,False,gauss,192,-0.006317276100211232,0.03084845208972403,0.019304571038500352,0.03104571317287159
0.6556727398156421,200.0,4096.0,256.0,pds,False,gauss,768,0.006259671081890718,0.014984953113292905,-0.0858152519777604,0.014794914885876306
1.1905762335428625,200.0,4096.0,512.0,pds,False,gauss,1536,0.0019069643426553769,0.04949994541490577,0.10077384131365744,0.04682671453030483
1.3450974213960345,200.0,1024.0,256.0,pds,False,gauss,768,0.005001618847868603,0.04587737840372171,0.12863377048671773,0.04389823458785025
1.4341210867099656,200.0,1024.0,512.0,pds,False,gauss,1536,-0.024433418178370372,-0.01441202699367312,0.12948047189233672,-0.013604029907650635
0.6227272481382908,200.0,1024.0,256.0,pds,False,gauss,768,-0.00891357842853161,0.0220012318223137,-0.059433024643589336,0.03058827497223932
1.263401756548754,200.0,2048.0,128.0,pds,False,gauss,384,-0.004531538555569242,0.031706520038953745,0.11409802720661862,0.03266131957429675
0.8607574527579984,200.0,4096.0,128.0,pds,False,gauss,384,0.011318501428395314,0.0396555227755935,-0.0110584132159581,0.03976242777401281
0.6546318399792639,200.0,2048.0,512.0,pds,False,gauss,1536,0.0022211279638171765,0.03415133388062252,-0.07412408648984876,0.030760375694034125
0.7955216416587237,200.0,1024.0,128.0,pds,False,gauss,384,-0.0011414136591278749,0.04850195548819794,-0.006340824044290929,0.052367189889935266
1.292992155470737,200.0,4096.0,64.0,pds,False,gauss,192,0.011870416221707172,0.03602501483039992,0.10343072604500392,0.03038340340529922
0.9881697968252308,200.0,2048.0,256.0,pds,False,gauss,768,0.009129995577269087,0.051919988151413764,0.0509485685302434,0.050214726870064584
0.8132898029723499,200.0,2048.0,128.0,pds,False,gauss,384,-0.0021409941538145607,0.028429243917695118,-0.02792222196626332,0.028499897922163224
0.5607006935200287,200.0,4096.0,512.0,pds,False,gauss,1536,-0.01087141418631645,-0.006666340857167725,-0.1190053726481512,-0.004424615537238892
1.0047282269479707,200.0,1024.0,256.0,pds,False,gauss,768,0.004819873388517888,0.05409745662800777,0.05448408103540957,0.05610833211648434
1.1305640992383617,200.0,4096.0,128.0,pds,False,gauss,384,0.002285966474228215,0.03960432121882708,0.06761560450521081,0.03693362040645564
0.624578393780898,200.0,2048.0,128.0,pds,False,gauss,384,0.005938079131035099,0.03262875333910436,-0.0864790812400066,0.030089839597153008
1.2654147496504264,200.0,4096.0,256.0,pds,False,gauss,768,-0.00718615163609599,0.0390722194889743,0.11349566507369255,0.037860783974308775
0.9087512512999278,200.0,2048.0,512.0,pds,False,gauss,1536,-0.0043983499177309435,0.05030621057670414,0.049000269753272346,0.05245720373820503
1.0540932056611776,200.0,2048.0,256.0,pds,False,gauss,768,-0.003680821790422699,0.03065612243948896,0.04833419307230578,0.024890389073914727
1.4558987028826111,200.0,4096.0,128.0,pds,False,gauss,384,0.0037778891296822133,0.03954108908801233,0.1563086006377011,0.035695571285298114
0.5089885432947625,200.0,2048.0,128.0,pds,False,gauss,384,-0.01699500865420609,-0.03597277569561107,-0.15276843150322766,-0.03215374679936879
1.1408483400654374,200.0,1024.0,64.0,pds,False,gauss,192,-0.013259719501327573,0.025864042931103486,0.0631347002672382,0.023083976872509644
1.4460438820458177,200.0,4096.0,256.0,pds,False,gauss,768,0.006957986817653897,0.033133637478876043,0.15484183648932892,0.03402319612544439
0.8500513189917355,200.0,2048.0,64.0,pds,False,gauss,192,0.0015963423663119451,0.03771895041913009,1.2393095579775988e-05,0.03724447994147327
0.5153091877727286,200.0,1024.0,256.0,pds,False,gauss,768,-0.012951776603316605,-0.027591678096264994,-0.13571490550172724,-0.022963163732557204
0.9418637546395084,200.0,1024.0,256.0,pds,False,gauss,768,-0.008890476809431043,0.017009935049949344,0.008128759059045983,0.019098030309100185
0.9395451221762408,200.0,2048.0,128.0,pds,False,gauss,384,-0.0005913146994153578,0.054036230223900875,0.027489454444318318,0.04814867210478552
1.1254124684107016,200.0,1024.0,64.0,pds,False,gauss,192,-0.0015434451433992838,0.038647524020027614,0.058898071895933345,0.034070875946660036
0.5275342261935488,200.0,4096.0,256.0,pds,False,gauss,768,0.011375758697847857,0.015099736906229197,-0.1306972294826584,0.016490334539312406
1.3403553922119307,200.0,1024.0,256.0,pds,False,gauss,768,-0.012730923732190876,0.010298118474156527,0.11975370681793324,0.006339944245936086
1.1657028135648368,200.0,4096.0,64.0,pds,False,gauss,192,-0.006323652812793497,0.03710991220617588,0.07664883050581474,0.03575408023058015
1.164531339284245,200.0,1024.0,64.0,pds,False,gauss,192,-0.021527279502352104,0.020628724060893944,0.07775151611014282,0.017135804668941195
0.9897663183279021,200.0,2048.0,256.0,pds,False,gauss,768,-0.006934183880847206,0.032101000259830835,0.036092747492279746,0.03335045641141946
1.1171090266047805,200.0,1024.0,64.0,pds,False,gauss,192,0.013735931703873596,0.04851891087805959,0.05206815701962904,0.04242718542892356
0.8790204366227357,200.0,1024.0,512.0,pds,False,gauss,1536,-0.0076015234892704365,0.03198082455330411,-0.023948554674186284,0.02757481844794161
0.6573975062871579,200.0,4096.0,256.0,pds,False,gauss,768,-0.0017215198480559249,0.0153549822484767,-0.07994179653143807,0.013604903684290523
0.5057447146797845,200.0,4096.0,512.0,pds,False,gauss,1536,0.0006998178165780738,-0.018481668064894968,-0.14720093851710023,-0.015266022068881923
0.724697970142727,200.0,2048.0,512.0,pds,False,gauss,1536,-0.012819666237231311,0.006639938527128031,-0.06197198788585655,0.009795129009420535
0.6578879304995842,200.0,1024.0,64.0,pds,False,gauss,192,0.006490866682402349,-0.023242780577629366,-0.12465860120607876,-0.02335668638234831
0.7780081039704343,200.0,4096.0,256.0,pds,False,gauss,768,0.008923525553982828,0.039346518705065885,-0.03720678500313648,0.03793619521844369
0.6562370869035259,200.0,4096.0,64.0,pds,False,gauss,192,0.006008773990314762,0.0295506662681891,-0.08271452203466254,0.03156065436164386
1.3605830715562028,200.0,1024.0,512.0,pds,False,gauss,1536,-0.01674147142290215,0.02505950118525546,0.14984657047725133,0.023632717807263833
0.9965770760263544,200.0,1024.0,512.0,pds,False,gauss,1536,0.02454790101975212,0.0983785698050137,0.09101569798423159,0.09503784324511412
1.2063428171069819,200.0,2048.0,128.0,pds,False,gauss,384,-0.0020660761025052456,0.04260295631527779,0.10308166096661277,0.04391810849063121
1.362812384587076,200.0,1024.0,128.0,pds,False,gauss,384,-0.013530837721191246,0.02310587199871921,0.13159632488595766,0.022874521943162047
0.896954698865435,200.0,4096.0,256.0,pds,False,gauss,768,-0.005343411580561736,0.04168071862622484,0.011928063291278884,0.03935093288711011
0.8354045939633494,200.0,1024.0,256.0,pds,False,gauss,768,-0.0014069110371697376,0.05510416697146933,-0.0006883466896669822,0.06094890588524235
0.6430894999337611,200.0,1024.0,512.0,pds,False,gauss,1536,0.00017180926501936028,0.019694891079357704,-0.0702468870707939,0.021398564036386087
0.7213989047786958,200.0,4096.0,128.0,pds,False,gauss,384,0.0013783814981845354,0.03719600218237511,-0.046780439718750774,0.03615422311331927
0.5335633672601797,200.0,1024.0,256.0,pds,False,gauss,768,0.026338791230029742,0.009353837208974893,-0.15860726471933595,0.00718464296744919
1.123977471173778,200.0,1024.0,128.0,pds,False,gauss,384,-0.013929883227871911,0.03847321511091986,0.09633564087997766,0.04347469607734699
1.3182546953136542,200.0,1024.0,64.0,pds,False,gauss,192,-0.0006355026999413729,0.0447131440994617,0.1158701495854273,0.04227607630175659
0.9735030153440595,200.0,1024.0,64.0,pds,False,gauss,192,0.010753716188862067,0.05114633160297704,0.03967707248187133,0.050280257650177164
0.581323658979932,200.0,4096.0,128.0,pds,False,gauss,384,0.008623847711417398,0.021101409941966045,-0.09657163858316282,0.0258628652927135
1.28203978810827,200.0,2048.0,128.0,pds,False,gauss,384,0.0010129994404442764,0.03632315671481181,0.10376267653530744,0.03466898789755722
1.3142711476792888,200.0,4096.0,256.0,pds,False,gauss,768,-0.006540177274303927,0.02947426576112364,0.1276581486090913,0.029907844981094743
0.8915591082616089,200.0,1024.0,128.0,pds,False,gauss,384,0.014550097873673567,0.038114411085831294,-0.022050057087518723,0.03146334226239998
1.1449527345930748,200.0,4096.0,512.0,pds,False,gauss,1536,0.0048580529310002975,0.04369796935979761,0.07402402680623858,0.04241262072493146
1.1611658385419286,200.0,2048.0,128.0,pds,False,gauss,384,-0.008275195589977998,0.01641774446101952,0.06458825191174464,0.013009375766721145
0.9402441332780186,200.0,2048.0,256.0,pds,False,gauss,768,0.004982742220015894,0.06310019782088051,0.03334572425749321,0.0544547248703361
1.1618403661027727,200.0,4096.0,128.0,pds,False,gauss,384,0.006700014390871612,0.05079271871682086,0.09923601256874064,0.052288485092274024
0.6873313890344351,200.0,1024.0,128.0,pds,False,gauss,384,-0.02051448012743892,-0.023645481077376785,-0.09457591206122457,-0.023808493442581676
1.3353286198231524,200.0,2048.0,256.0,pds,False,gauss,768,-0.018116547286995244,0.020616164899925057,0.12694840346970118,0.017405511857703223
0.5178554597467624,200.0,4096.0,128.0,pds,False,gauss,384,-0.0027505863225868133,0.0017420594881906904,-0.1271269278028018,0.007442679700077464
1.2124688739466873,200.0,1024.0,512.0,pds,False,gauss,1536,0.015807372830900366,0.04517194925520705,0.09900618432122336,0.0377665038314509
0.8632277593589335,200.0,2048.0,256.0,pds,False,gauss,768,0.020191026403122172,0.06475521346545561,-0.007457267786053103,0.06194943050232148
0.8553426865407484,200.0,1024.0,64.0,pds,False,gauss,192,-0.004724211900112288,0.018105393092779584,-0.015156229354370353,0.018727087805414242
1.1326996366059763,200.0,1024.0,256.0,pds,False,gauss,768,0.005155275797536204,0.05124816002881276,0.09227763944299022,0.04985104887517064
0.7676003164895948,200.0,1024.0,512.0,pds,False,gauss,1536,-0.018037542496159648,0.009702125140956561,-0.03638408689913511,0.01397822353974482
1.4583860384820393,200.0,2048.0,512.0,pds,False,gauss,1536,0.00692485544676486,0.05404704957690979,0.18208200591907933,0.051483572175521186
0.747790170056546,200.0,4096.0,64.0,pds,False,gauss,192,-0.0017760934632844092,0.013722084455408774,-0.0710138696360697,0.012780478350271695
0.9796667086770781,200.0,2048.0,64.0,pds,False,gauss,192,0.00682255676524273,0.04317594184585434,0.025322325275453226,0.042607699840234006
0.7808762907611146,200.0,2048.0,256.0,pds,False,gauss,768,-0.004027925171110666,0.026576664919460636,-0.031271232762658314,0.026713273072583896
0.6841052420675178,200.0,1024.0,512.0,pds,False,gauss,1536,0.006484780797410641,0.04688404378582573,-0.039015509226265045,0.04522522756755999
1.4572294431635089,200.0,1024.0,512.0,pds,False,gauss,1536,0.017172565449288673,0.04271065860625966,0.14977383415147222,0.037853579910748114
1.0166322058083632,200.0,2048.0,512.0,pds,False,gauss,1536,0.010851394586446073,0.05243652173516817,0.04782894162580997,0.05015709208337091
0.6339786369896883,200.0,1024.0,64.0,pds,False,gauss,192,0.0003919595540435037,0.021597284198387932,-0.08555481501352014,0.02435258366059192
1.0907499286078495,200.0,2048.0,64.0,pds,False,gauss,192,0.017188865048700472,0.05789056512496376,0.06942315217680121,0.05446316708736526
0.7804337415970134,200.0,1024.0,256.0,pds,False,gauss,768,0.012365581828402583,0.07615502254142306,0.006384108220034837,0.07800465795034123
0.5725143179387263,200.0,1024.0,128.0,pds,False,gauss,384,0.002905943168132713,0.017178726971980883,-0.11739365111968926,0.016403338796783424
0.7432694070064918,200.0,1024.0,256.0,pds,False,gauss,768,-0.023235085652354274,0.02703143824897452,-0.022278032095618117,0.030480139347274043
1.1740548186733681,200.0,1024.0,128.0,pds,False,gauss,384,-0.01616780116804692,0.046925279777620184,0.1087311055525315,0.05004013991690643
1.2289878374886554,200.0,2048.0,512.0,pds,False,gauss,1536,-0.005514891217850877,0.03743491373732974,0.11280556581347735,0.04124369227421098
0.6525417144689947,200.0,1024.0,128.0,pds,False,gauss,384,-0.01800406689145203,-0.006071522854503994,-0.07940859566602887,-0.004826297017515547
1.0559206149441391,200.0,4096.0,512.0,pds,False,gauss,1536,-0.004215533780191401,0.025440305478460074,0.035113398169784815,0.0248000601881403
1.3717941881155808,200.0,2048.0,128.0,pds,False,gauss,384,-0.004335994341586244,0.041125869397602946,0.15564417747740078,0.04078264634719723
0.7000433554658179,200.0,4096.0,64.0,pds,False,gauss,192,-0.012236318684988416,0.009711967824524397,-0.07188012432905433,0.010026400648414898
1.2133350382626675,200.0,4096.0,64.0,pds,False,gauss,192,0.013544215473891483,0.06969588274440248,0.12281354286053586,0.06776510891955471
0.9630420141430847,200.0,4096.0,128.0,pds,False,gauss,384,-0.0004759122445060244,0.04158840988941321,0.0443733817848628,0.04332174029020068
1.1555751007595665,200.0,4096.0,128.0,pds,False,gauss,384,0.004435134796594365,0.032081375882491554,0.06452310358691778,0.03271415829965197
1.0081852632496642,200.0,2048.0,64.0,pds,False,gauss,192,-0.019297061824885154,0.014151375362245575,0.035047026493418815,0.014085089682615832
1.1008777340264877,200.0,4096.0,128.0,pds,False,gauss,384,0.011286037839822493,0.04239720970726385,0.06416908612216657,0.03893310468257552
1.4456176714175217,200.0,1024.0,256.0,pds,False,gauss,768,-0.0002052699525360379,0.05872861890644448,0.19631460060960537,0.056965559097660774
0.7446591083728036,200.0,4096.0,256.0,pds,False,gauss,768,-0.011383417692555449,0.01813175753622675,-0.05947521404291089,0.016455685492666666
0.7678259792356859,200.0,4096.0,256.0,pds,False,gauss,768,-0.005919875549588688,0.03466314544370282,-0.025774782109149925,0.03519084899364781
1.0038363113327833,200.0,1024.0,256.0,pds,False,gauss,768,0.01152002437950628,0.06397429079726476,0.05458879374243515,0.0683920054110883
0.786372324260573,200.0,1024.0,512.0,pds,False,gauss,1536,0.02265700968524366,0.07645672936569314,-0.002604931685789497,0.07645258907543723
0.7304936279093612,200.0,2048.0,128.0,pds,False,gauss,384,-0.00019035039107451784,0.028581426693645048,-0.05298565322517441,0.027794605242420715
1.41458184001179,200.0,1024.0,256.0,pds,False,gauss,768,0.0003665820871602589,0.056886042817374846,0.17334288316255206,0.05361267312407436
0.6419770986375827,200.0,1024.0,64.0,pds,False,gauss,192,0.012557494435860829,0.046226918242164954,-0.08468111031021928,0.040096942278825695
0.8905298708039014,200.0,1024.0,128.0,pds,False,gauss,384,0.016122426828841033,0.05378492006023654,0.01082550156831825,0.049316938104546584
0.8517601792778466,200.0,1024.0,128.0,pds,False,gauss,384,0.0014219122079412933,0.057519069603560784,0.027342498605400653,0.058278693359325666
0.8772391988414392,200.0,4096.0,512.0,pds,False,gauss,1536,-0.010811656224758392,0.024706801931785462,0.005426641603035571,0.024146279421573602
1.057151330614933,200.0,4096.0,256.0,pds,False,gauss,768,-0.004110825516042056,0.04796946836554409,0.06632029182183315,0.05006250804997573
0.6341095650067918,200.0,4096.0,64.0,pds,False,gauss,192,-0.01199795535420016,0.009424929248485142,-0.07656957473451663,0.01400860445357318
0.5687149418730548,200.0,1024.0,64.0,pds,False,gauss,192,0.013209964544573884,0.03721170661130554,-0.09070529851469714,0.034633192660091995
0.8490365878000612,200.0,4096.0,256.0,pds,False,gauss,768,-0.005353615593470008,0.032902338029909106,0.0009287614714193631,0.03155092965788132
1.1444612334701443,200.0,1024.0,256.0,pds,False,gauss,768,0.006973779937990762,0.07483658765477537,0.1124278696156414,0.0714629775399565
1.390967548979705,200.0,1024.0,128.0,pds,False,gauss,384,0.0070501922238547605,0.04808129686555129,0.16178911161040416,0.049032357657335775
0.6045676567313976,200.0,2048.0,256.0,pds,False,gauss,768,0.008720617433144716,0.010053252669999152,-0.10942798341934813,0.009661712254875861
0.7911720937965887,200.0,4096.0,128.0,pds,False,gauss,384,-0.012163480366811872,0.01945705258629785,-0.032282377344162325,0.022680279963419533
1.367078328162219,200.0,4096.0,512.0,pds,False,gauss,1536,0.009034210724258453,0.06265941695851501,0.15766817477387382,0.06311787983080787
0.6455004775619694,200.0,2048.0,128.0,pds,False,gauss,384,-0.0056719728381247276,0.02813721927819687,-0.07683912413331836,0.02158355325935372
1.3121878163899117,200.0,2048.0,256.0,pds,False,gauss,768,0.0038752409342722024,0.0432770129381681,0.12385764708707336,0.04238276227926338
0.9667137255676072,200.0,2048.0,512.0,pds,False,gauss,1536,-0.0006203272303984945,0.04881200474224238,0.04166426015783926,0.0481463896566278
0.6538944200346907,200.0,2048.0,64.0,pds,False,gauss,192,0.006195721900942644,0.008204842053815614,-0.10358050941615676,0.0030021249792224047
1.2976084539189525,200.0,1024.0,128.0,pds,False,gauss,384,0.0009142120200578264,0.04014597988386528,0.12245113555389547,0.04264961210763425
0.9684399551526061,200.0,2048.0,128.0,pds,False,gauss,384,-0.0025345371103286636,0.03662597090180442,0.020258705097968968,0.03361810682068743
1.2342812992808203,200.0,2048.0,64.0,pds,False,gauss,192,0.010570092765611149,0.06825821552494123,0.13052294655958985,0.06768656056313918
1.310560315940904,200.0,1024.0,64.0,pds,False,gauss,192,-0.00692519967525048,0.03771755895216082,0.1269803740634528,0.03066059499860492
0.8101577438845138,200.0,1024.0,128.0,pds,False,gauss,384,0.013115491491419178,0.0458822299619375,-0.03145644451547327,0.03739831713689444
0.5277468530307373,200.0,4096.0,128.0,pds,False,gauss,384,-0.0011610547717081179,2.5190338602122683e-05,-0.12857991504791058,0.0034754631381237783
1.2233751608165817,200.0,1024.0,64.0,pds,False,gauss,192,-0.02239844225788252,0.02791520739031526,0.11152645128708948,0.03633593073222367
0.6167893010253821,200.0,1024.0,512.0,pds,False,gauss,1536,0.0017096223141573204,0.002019747287849681,-0.14952383458264934,-0.0009892283713331131
1.4458313684690147,200.0,4096.0,256.0,pds,False,gauss,768,-0.006695581776259725,0.022268003760935448,0.15768812013323638,0.023497574580061256
1.431748318320761,200.0,1024.0,256.0,pds,False,gauss,768,0.0036274769074123936,0.01385398577651796,0.10836487526166871,0.007132962935641202
1.2801899006843538,200.0,2048.0,128.0,pds,False,gauss,384,-0.0034520750527354794,0.0312209579266772,0.11867149022104759,0.029600881521679136
0.6423595439238602,200.0,2048.0,128.0,pds,False,gauss,384,0.007787622840646087,0.035192122472386206,-0.07156784632850109,0.033958104865956414
0.9295450525376954,200.0,2048.0,64.0,pds,False,gauss,192,-0.0022682153058017096,0.03941687633461531,0.025843355084360378,0.03988984007930254
1.116992939742615,200.0,2048.0,512.0,pds,False,gauss,1536,-0.0056768730368870896,0.03635277075548464,0.08756145850067999,0.04291654960697113
0.7985008001486371,200.0,2048.0,256.0,pds,False,gauss,768,0.004553059406078448,0.060975261773327065,0.006539497767973649,0.060785096234195014
1.396715480204529,200.0,2048.0,64.0,pds,False,gauss,192,0.0043875470756201945,0.03632320657683749,0.15046047706261387,0.03396287004919988
1.1012334389138654,200.0,1024.0,256.0,pds,False,gauss,768,0.0008641526212788057,0.06475024662323323,0.11031931618189421,0.07052809700045931
1.4234902887698122,200.0,4096.0,128.0,pds,False,gauss,384,-0.009585187471625818,0.03379343739494831,0.14954862648903583,0.0324843827606358
1.1078049317269378,200.0,1024.0,256.0,pds,False,gauss,768,-0.0063413487641924395,0.01842707974376176,0.03855318453736612,0.013456863054366584
0.5071441994453698,200.0,1024.0,64.0,pds,False,gauss,192,-0.010385255643831496,-0.006972192108644947,-0.11957069733035414,0.0015717692582564414
1.1306973087821688,200.0,1024.0,512.0,pds,False,gauss,1536,-0.022273077932928986,0.029922397205659472,0.07694132958993476,0.027590931896099034
0.862425297202036,200.0,1024.0,256.0,pds,False,gauss,768,-0.010930505901853616,0.04147520449755247,0.02409805414097839,0.04560620651851269
1.3539263606208332,200.0,4096.0,64.0,pds,False,gauss,192,-0.003622083137329017,0.04063645490392499,0.14553419448276003,0.03929384609362865
0.5847307086729105,200.0,2048.0,128.0,pds,False,gauss,384,0.006949577054916534,0.02034796872842289,-0.1178813751443186,0.014461722260811407
1.3973769175782225,200.0,2048.0,256.0,pds,False,gauss,768,-0.007118153615919513,0.009674432392947215,0.12112602610707625,0.008271558289600443
1.1203723140570898,200.0,2048.0,128.0,pds,False,gauss,384,9.889249615302157e-05,0.04918331618827017,0.08991314727891514,0.048101708789773746
1.3906048658173797,200.0,1024.0,512.0,pds,False,gauss,1536,-0.01759664448679275,0.02417720333763191,0.12085501780416211,0.02493281309535611
0.9200278457942357,200.0,2048.0,256.0,pds,False,gauss,768,-0.006948525540112154,0.02676454049826147,0.010690416411649896,0.027304790603117576
1.2910648890534664,200.0,4096.0,128.0,pds,False,gauss,384,-0.006206019685139557,0.044935936598195586,0.13899367175032257,0.04606083799290412
0.5474451788033888,200.0,4096.0,64.0,pds,False,gauss,192,0.008193881722226707,0.023531194366591995,-0.09470053725694794,0.02612038037866673
0.6998378605480418,200.0,2048.0,64.0,pds,False,gauss,192,0.0022155394310117535,0.014911993737066918,-0.10904194141291428,0.0056483069541666715
1.4255396239576492,200.0,1024.0,256.0,pds,False,gauss,768,0.029992825511777,0.09338002278053127,0.19323935585539329,0.08965505908692045
1.1328704067575188,200.0,1024.0,256.0,pds,False,gauss,768,0.023016245047060853,0.06842862720489601,0.10812482700948692,0.07114669117690187
1.3086576502310812,200.0,4096.0,256.0,pds,False,gauss,768,0.006391994038212795,0.043594012677015244,0.12650056280333066,0.041627452837056336
0.5736765211515359,200.0,2048.0,64.0,pds,False,gauss,192,-0.0030050371487296474,0.012839685226647924,-0.11024074129447453,0.015966323527808437
0.9253249997341161,200.0,2048.0,64.0,pds,False,gauss,192,0.017594271894024554,0.07484215649860328,0.04051196337811281,0.07200939589316246
0.6537506476087556,200.0,1024.0,128.0,pds,False,gauss,384,0.005213416804060162,0.01797344062120585,-0.07507141122850536,0.01819325768342902
0.9980050737535106,200.0,1024.0,256.0,pds,False,gauss,768,-0.0012507919901876049,0.030756984164221356,0.031108653527433756,0.03671216177717707
0.8312287196014828,200.0,4096.0,512.0,pds,False,gauss,1536,0.007887740688970897,0.04296287235798668,-0.007589341840837651,0.044731968356018274
1.44149866864046,200.0,1024.0,512.0,pds,False,gauss,1536,-0.0075276566030256726,0.024047080521575965,0.1762912574722487,0.024435739516062507
0.7813499307047069,200.0,4096.0,128.0,pds,False,gauss,384,0.004651633879702576,0.04327186205593887,-0.014464391648729808,0.042729411879908336
0.6636075866150443,200.0,4096.0,512.0,pds,False,gauss,1536,-0.00948040565846873,0.014928115724480316,-0.06750715499433099,0.018974110428018123
0.793090554954101,200.0,4096.0,128.0,pds,False,gauss,384,0.005900661137401019,0.03403540122978949,-0.031665674285001194,0.034352852316789674
0.5783824649422918,200.0,2048.0,128.0,pds,False,gauss,384,-0.022582869917170036,-0.022985395557055335,-0.11434719180943516,-0.019644821890325296
1.4047881235645425,200.0,1024.0,256.0,pds,False,gauss,768,0.008286245583054064,0.06645630141215922,0.20132714309295685,0.07221026777212063
1.3962228650420927,200.0,1024.0,64.0,pds,False,gauss,192,0.004364340018521007,0.039956728866257556,0.17394170765185235,0.038469950383035516
0.8220340590234366,200.0,4096.0,64.0,pds,False,gauss,192,0.004100345681678248,0.03020841097124364,-0.020820458858784013,0.03151812759966899
1.1088377226329968,200.0,1024.0,64.0,pds,False,gauss,192,-0.0072513035198945065,0.04076625846348278,0.0674323978081283,0.0367783783630464
1.3432186179594654,200.0,1024.0,128.0,pds,False,gauss,384,-0.008339092390932605,0.0482956075831153,0.14915531847749183,0.050088485521341375
1.4136348330723347,200.0,4096.0,512.0,pds,False,gauss,1536,0.0015710666117203067,0.025735469749358527,0.13672494361549697,0.025167544193839264
1.3292925967409661,200.0,1024.0,128.0,pds,False,gauss,384,-0.006123018786130535,0.0004720596807889022,0.08094740393301764,0.0003588286648140767
1.067043738673284,200.0,4096.0,512.0,pds,False,gauss,1536,-0.004635437272386859,0.032132127116971096,0.05853434356374605,0.032204307912955574
1.3657417931022353,200.0,4096.0,256.0,pds,False,gauss,768,0.005475379787636703,0.043292421106301986,0.14215702507829553,0.03958593881519666
1.409485507021298,200.0,2048.0,64.0,pds,False,gauss,192,0.004296649952333093,0.049653906133949995,0.16238927838170278,0.043506757932149615
0.7255889369523896,200.0,4096.0,64.0,pds,False,gauss,192,0.0028385415986210303,0.025116656112185512,-0.05686515859626784,0.02208226063383729
0.6269168378338619,200.0,2048.0,128.0,pds,False,gauss,384,-0.011354145355266368,0.013757519091954936,-0.0746088310679779,0.017685212764329068
1.2308979627841588,200.0,1024.0,512.0,pds,False,gauss,1536,-0.012714258835699866,0.039040587323149155,0.12325284190515148,0.04288707402525116
1.365443293061218,200.0,4096.0,256.0,pds,False,gauss,768,0.005315521018467515,0.03863088578218688,0.13541846525475412,0.0381306076695067
1.3590655996949024,200.0,4096.0,64.0,pds,False,gauss,192,-0.0030275138629428555,0.03794275530194472,0.14538227801219136,0.034910675706271425
1.477525429777891,200.0,2048.0,128.0,pds,False,gauss,384,-0.0035960132005866167,0.03989573489925217,0.16520809679095816,0.033985047162866655
0.5804313433858725,200.0,2048.0,64.0,pds,False,gauss,192,0.0030292243718663416,0.0023576201494634173,-0.11257364109913902,0.0031828265264073102
0.5731345560082598,200.0,2048.0,64.0,pds,False,gauss,192,0.010324675009446243,0.006935631992728849,-0.13059560433369144,0.004552996151689762
0.9113910628467059,200.0,1024.0,256.0,pds,False,gauss,768,0.01523288687346835,0.04507389699318176,-0.018752469850981814,0.03782569436744829
1.4326683828414095,200.0,2048.0,512.0,pds,False,gauss,1536,-0.004100433495390611,0.02911735941581206,0.1461407283707215,0.02372070919858483
0.7736704686190746,200.0,2048.0,512.0,pds,False,gauss,1536,-0.007397117203817851,0.028450623255434057,-0.037976798226609626,0.026186270693154656
0.937111030211736,200.0,4096.0,256.0,pds,False,gauss,768,0.0031550792671018206,0.036283724481178205,0.015866465601180556,0.03602036020229288
0.9741088154266548,200.0,2048.0,128.0,pds,False,gauss,384,5.519926998678207e-05,0.0456573230941998,0.030914384078822844,0.04585465404851538
1.0970757538730767,200.0,4096.0,256.0,pds,False,gauss,768,-0.0014403845194758305,0.054087477100406955,0.09192804214067547,0.055585785626534066
0.552409818188792,200.0,2048.0,512.0,pds,False,gauss,1536,0.001918390380421448,-0.00377631245049559,-0.13950075689832717,-0.003636743857085383
0.9384139442189415,200.0,1024.0,64.0,pds,False,gauss,192,0.015916002566060735,0.038178760159542996,0.028114735415048702,0.0433585757355384
1.1966547001431664,200.0,2048.0,128.0,pds,False,gauss,384,0.016210460815921004,0.057990531030980674,0.11100015175359727,0.05891954807205074
1.2775242955244026,200.0,1024.0,256.0,pds,False,gauss,768,0.01134877603222178,0.04977673625753794,0.12664595639598475,0.0521548965730772
1.479607764491952,200.0,1024.0,64.0,pds,False,gauss,192,-0.024212629542203788,0.012595705065361347,0.15317169360999708,0.011753312005521653
0.582353051284012,200.0,4096.0,512.0,pds,False,gauss,1536,0.003793062244805928,0.025745882109556816,-0.09894881366944197,0.022332578267347903
1.2475312834959253,200.0,1024.0,512.0,pds,False,gauss,1536,9.927755845944788e-05,0.04892266248088771,0.1286720078061601,0.044547676033986724
1.483200308193661,200.0,4096.0,128.0,pds,False,gauss,384,-0.004568329981272685,0.02315874886192894,0.15783346903660142,0.019921449223497964
1.3570054493489452,200.0,2048.0,512.0,pds,False,gauss,1536,-0.015984147337964223,0.02251360111015806,0.1436057435850743,0.02161473392881198
1.3313835745583682,200.0,4096.0,64.0,pds,False,gauss,192,0.01528556490981704,0.0788425429383436,0.16317407780113213,0.07616717081627065
0.9909864152768939,200.0,1024.0,512.0,pds,False,gauss,1536,0.003242397587271788,0.026661763294299142,0.029973476496422555,0.03159170343513325
1.499422376264082,200.0,2048.0,64.0,pds,False,gauss,192,0.0005956622398446481,0.047144235089669695,0.1868205385159489,0.05082839715492042
0.6381766847558874,200.0,2048.0,64.0,pds,False,gauss,192,-0.015718120395722353,-0.026753088253974676,-0.12652111226543508,-0.028596932932505127
0.5978025915283882,200.0,4096.0,256.0,pds,False,gauss,768,-0.0008426102193901723,0.017605176187047464,-0.09577073181787717,0.018504454070852043
1.1802755918711312,200.0,1024.0,128.0,pds,False,gauss,384,0.03930265597219952,0.09703539803345076,0.11574799335956709,0.09845678780743128
0.5098174417123594,200.0,1024.0,128.0,pds,False,gauss,384,-0.009326899577849988,-0.010829182417553762,-0.13162846772525297,-0.0038824207303732785
0.760081124494989,200.0,2048.0,256.0,pds,False,gauss,768,0.003820360353933096,0.05503912608607113,-0.02286003160601509,0.05316320465316925
1.415931683316575,200.0,4096.0,64.0,pds,False,gauss,192,-0.0035513497736185187,0.03653983800805374,0.15887385194470155,0.03815317876250573
0.7822004230853132,200.0,1024.0,256.0,pds,False,gauss,768,-0.01275602260445515,-0.007872334824517963,-0.07021734521241085,-0.008020254064332339
0.7218652282078399,200.0,1024.0,64.0,pds,False,gauss,192,0.0021271535361130317,0.015408347108351943,-0.08053191980859176,0.006097240151518579
0.997622116426386,200.0,2048.0,128.0,pds,False,gauss,384,-0.0005725814497836508,0.05293316547726421,0.0603105036663979,0.053485190175777665
1.0122754013242825,200.0,1024.0,512.0,pds,False,gauss,1536,0.004121931882032481,0.048320575280346126,0.05819672532503887,0.04836098332647209
1.352124541363232,200.0,4096.0,64.0,pds,False,gauss,192,0.00020142700464278297,0.04142797866484995,0.14031645522843644,0.041136536605777964
1.2896715556334377,200.0,4096.0,512.0,pds,False,gauss,1536,-0.0015811093867920917,0.03671947153840542,0.11233830281571563,0.034569692235974815
1.2160180422903544,200.0,1024.0,256.0,pds,False,gauss,768,0.0008858095322867234,0.02779592650607537,0.08278090031741048,0.024337658379171838
1.3167381966835632,200.0,4096.0,64.0,pds,False,gauss,192,-0.0013862490423547096,0.04010564852355035,0.14011671587947264,0.0453131966170333
0.8289166997072868,200.0,4096.0,128.0,pds,False,gauss,384,-0.0074095813416759975,0.020332571743402302,-0.029119746809624675,0.020211092810868376
0.588831078263018,200.0,4096.0,256.0,pds,False,gauss,768,-0.0021758953835238595,-0.008204287429935342,-0.12524101330265427,-0.005968657237407532
1.265584332101716,200.0,1024.0,64.0,pds,False,gauss,192,-0.012793342578229583,0.026631966648269726,0.10859401351885332,0.023331293467183524
0.541558591830268,200.0,4096.0,128.0,pds,False,gauss,384,-0.01547047705993809,-0.007493936358950466,-0.11701018241374278,5.066843659738534e-05
0.6794364294380066,200.0,4096.0,512.0,pds,False,gauss,1536,0.0006320488049549221,0.030103889257117464,-0.0625537835406139,0.031749276534041436
0.5000949675890611,200.0,2048.0,256.0,pds,False,gauss,768,-0.012213818601512754,-0.029535117397606378,-0.14785914595712057,-0.021229467992332055
0.9336905676510692,200.0,4096.0,128.0,pds,False,gauss,384,0.0033236014447286183,0.036171294365746086,0.01359806468226795,0.03672615295403142
0.5944898240506488,200.0,4096.0,256.0,pds,False,gauss,768,0.010092716206656775,0.021249113923776507,-0.09519756647179474,0.022340556797673196
0.7208638320270415,200.0,2048.0,512.0,pds,False,gauss,1536,-0.017385068086138707,0.01622739621351575,-0.0385419072705256,0.021863992312417
0.5188702152401682,200.0,4096.0,256.0,pds,False,gauss,768,0.0006780191235732492,0.004050129666711095,-0.13471624972932328,0.007285906854828952
0.620333832707329,200.0,2048.0,128.0,pds,False,gauss,384,0.009296460054836007,0.03937715656956201,-0.06718510114523128,0.042015136058416
1.2966498267174167,200.0,1024.0,256.0,pds,False,gauss,768,0.005346040282196251,0.05110521186594865,0.13053928529701841,0.04716526197799535
0.919447150727643,200.0,2048.0,256.0,pds,False,gauss,768,-0.006941501563802637,0.03968735689606081,0.026905638759622284,0.040432358602175186
0.9771352627845303,200.0,1024.0,128.0,pds,False,gauss,384,0.025657690546601344,0.08849352715371607,0.07298683308440274,0.09029522809896522
1.2468830645669633,200.0,4096.0,256.0,pds,False,gauss,768,-0.009363112111682625,0.02804139804282149,0.10263010151716398,0.027001215018605054
0.5117914748651675,200.0,1024.0,128.0,pds,False,gauss,384,-0.0175222360355947,-0.020022746316468436,-0.13268494991191757,-0.012675246004904283
1.0524272756843773,200.0,2048.0,256.0,pds,False,gauss,768,0.016462011618151157,0.04970008039014095,0.062144400413556185,0.055642554295813745
1.4676801311609506,200.0,1024.0,256.0,pds,False,gauss,768,-0.018380763683713264,0.006708793253696926,0.1497698445853645,0.010438232720190566
0.9526986918737705,200.0,2048.0,64.0,pds,False,gauss,192,0.002255309193875461,0.022962527510078042,-0.005990742992389183,0.018734315276772637
0.6598183255401324,200.0,4096.0,512.0,pds,False,gauss,1536,0.0035469575665090006,0.03547876318245723,-0.0711267734000424,0.03209182752832276
1.0307481697351257,200.0,2048.0,256.0,pds,False,gauss,768,-0.01210705191568731,0.03386570777420109,0.0422319488246644,0.028466703421077783
0.6775125176847206,200.0,4096.0,256.0,pds,False,gauss,768,-0.006610447352971516,0.022427616462222168,-0.06478707820895009,0.023090073957690763
0.7172943298498184,200.0,2048.0,128.0,pds,False,gauss,384,-0.0037361134262613,0.0474663209493602,-0.028452757064437274,0.044631425911533955
1.3822613658974936,200.0,2048.0,512.0,pds,False,gauss,1536,0.0008750673915296581,0.035093645108529505,0.1579657809417456,0.033811335137994634
1.2757094619185074,200.0,1024.0,256.0,pds,False,gauss,768,0.02600536336459971,0.08165381153205788,0.13092441167333194,0.07932542033918816
1.2673048309922355,200.0,4096.0,256.0,pds,False,gauss,768,-0.005869698959363457,0.043226035055198064,0.12401830355993754,0.042184204372199094
1.338241159571794,200.0,4096.0,128.0,pds,False,gauss,384,-0.0015634246106413752,0.03498011419257844,0.12160589693729403,0.03153846941291088
0.683092674439982,200.0,4096.0,64.0,pds,False,gauss,192,-0.008877271028306688,0.01652829860311142,-0.07340982640957855,0.0181336295836085
0.5325052815174997,200.0,2048.0,128.0,pds,False,gauss,384,-0.014858859150128939,-0.008357448590013902,-0.11237484783060776,-0.000495588038432519
1.0066763015148195,200.0,1024.0,64.0,pds,False,gauss,192,0.014645447553803127,0.05379086473360071,0.05239680026587609,0.050908477885619946
1.1900336955871982,200.0,4096.0,64.0,pds,False,gauss,192,-0.002734573496873195,0.04447308477442544,0.10493842144452517,0.04483250304492586
1.328256746729894,200.0,4096.0,128.0,pds,False,gauss,384,-0.014959312559119793,0.0323979104050573,0.1408986627257262,0.03299286955911769
0.6291266771709613,200.0,1024.0,64.0,pds,False,gauss,192,-0.012738674040262132,0.0006832166896609427,-0.08239471802028439,0.0074037615208200095
0.8277637078770304,200.0,2048.0,128.0,pds,False,gauss,384,0.003283408866199192,0.037018344633492274,-0.020610429075473533,0.030061182986409085
1.3719547815310316,200.0,1024.0,256.0,pds,False,gauss,768,-0.008588789580116597,0.02154573111005641,0.1204775782685252,0.019559413515490395
1.4114960809364714,200.0,2048.0,128.0,pds,False,gauss,384,0.003956562011062624,0.044199950913072966,0.1565542702198474,0.0423112899168622
1.1413876034147648,200.0,4096.0,128.0,pds,False,gauss,384,0.00445335181060314,0.03158952880915579,0.08145253708330168,0.031095516996370944
0.7935405944083385,200.0,2048.0,128.0,pds,False,gauss,384,0.004123953949909391,0.026651761573769018,-0.05408174919411416,0.02058182293174587
0.9084646821275831,200.0,1024.0,128.0,pds,False,gauss,384,-0.002941860715419249,0.018357247257106638,-0.011249605507932706,0.012345577293202736
1.3845214036565463,200.0,2048.0,64.0,pds,False,gauss,192,-0.002763375742502777,0.021243956266636832,0.1279399005235635,0.017088514896428667
1.303907992031748,200.0,4096.0,256.0,pds,False,gauss,768,0.00973608471401249,0.05126177537786336,0.12648485029873338,0.04893161738579352
0.6766036432870214,200.0,4096.0,256.0,pds,False,gauss,768,0.007731758275252789,0.027271789539949857,-0.06907447448925806,0.028476797446180625
0.6440873376269322,200.0,2048.0,128.0,pds,False,gauss,384,-0.012096373263164916,0.007595524349207915,-0.10535979981199739,0.0044022728000287755
1.3678365675629458,200.0,2048.0,256.0,pds,False,gauss,768,0.008867697545579754,0.05165353059651916,0.1542880921526551,0.05439652632854591
0.7585311842093924,200.0,4096.0,64.0,pds,False,gauss,192,0.0004435021087230132,0.017625458077711025,-0.05893189876236337,0.014774438853913401
1.076293405431096,200.0,1024.0,512.0,pds,False,gauss,1536,0.007094155187884266,0.04857894482296864,0.07523334177333843,0.05270219718392193
0.9355899531154898,200.0,4096.0,512.0,pds,False,gauss,1536,0.00027469198934992916,0.04715973396664553,0.02225464604387789,0.044118531277853604
0.527070812825847,200.0,2048.0,256.0,pds,False,gauss,768,0.022140399916050185,0.026960662945937755,-0.11983132052215742,0.02935880137009228
1.4722749438771903,200.0,4096.0,256.0,pds,False,gauss,768,-0.009458855040964335,0.01870056283593558,0.16020847435230165,0.019187372995979817
0.9121515202366888,200.0,2048.0,256.0,pds,False,gauss,768,0.0008671249642957447,0.03622719956063326,0.00988353795542496,0.03785529932557158
0.6978797511451509,200.0,4096.0,128.0,pds,False,gauss,384,0.0016942877900580308,0.029163017896264038,-0.05988399517944136,0.026387137079075185
0.880031845446393,200.0,1024.0,64.0,pds,False,gauss,192,-0.04308840068288763,0.008878088734635244,0.01571050377071328,0.01522638404155034
1.3622790770583872,200.0,2048.0,64.0,pds,False,gauss,192,0.005275510937882455,0.044238628906582964,0.16332862261810516,0.04487163179173295
1.2988353884458945,200.0,4096.0,64.0,pds,False,gauss,192,-0.0015880277820363303,0.036601203114866206,0.13265315681871445,0.03855557509265242
0.7974585854507328,200.0,4096.0,64.0,pds,False,gauss,192,0.021050273815149016,0.05829988367719894,-0.023046791576206264,0.05665625869530786
0.769038242871093,200.0,2048.0,256.0,pds,False,gauss,768,-0.006713162742134754,0.030211755535282603,-0.02965192271497893,0.033915431226252825
1.213667335943542,200.0,2048.0,128.0,pds,False,gauss,384,-0.0060393369321955865,0.0362045665993123,0.10416231292530075,0.03598379278367639
1.0044587654248816,200.0,4096.0,128.0,pds,False,gauss,384,-0.0009222749640568852,0.036659643628777244,0.03239126957047318,0.03825990678906011
1.4471696849752673,200.0,1024.0,128.0,pds,False,gauss,384,0.00987332112712154,0.05507786479922018,0.18270405083794147,0.05689782053032922
0.711683875134203,200.0,4096.0,128.0,pds,False,gauss,384,-0.011949904893384974,0.007669007638990289,-0.07131492575935806,0.007985536072220864
1.2623439832635677,200.0,1024.0,128.0,pds,False,gauss,384,0.00486207357068273,0.07390015430713362,0.14638923446557014,0.0688633441941485
1.302640065733963,200.0,2048.0,512.0,pds,False,gauss,1536,0.005475448683198457,0.052096041831484724,0.14150600035435565,0.05430845660585411
0.6078756516945659,200.0,1024.0,512.0,pds,False,gauss,1536,0.008199524781232027,0.05013878503908211,-0.06579930619221494,0.052797607722177904
0.9333511962472325,200.0,1024.0,512.0,pds,False,gauss,1536,-0.002006294634390564,0.049505133789596534,0.05581590425703556,0.053659279176693594
0.6339476579280111,200.0,1024.0,512.0,pds,False,gauss,1536,-0.022196253362528815,0.018692411241384686,-0.057826142112255105,0.022143296434689128
1.1477299493636162,200.0,4096.0,512.0,pds,False,gauss,1536,0.004302192053216398,0.054943411345499196,0.09997606841522232,0.05630469652579497
1.071926084606794,200.0,1024.0,64.0,pds,False,gauss,192,-0.02329189054315778,-0.0035519114988971446,0.027038186634927783,-0.00047188996378191806
0.5563754297863664,200.0,2048.0,256.0,pds,False,gauss,768,0.005403098081480064,0.011309957686425233,-0.11277600788526543,0.013010933095360746
0.5526313990277634,200.0,2048.0,512.0,pds,False,gauss,1536,0.0007748941644038689,0.013089956753128839,-0.10535066717748276,0.01747262581576284
0.8847507253491068,200.0,4096.0,256.0,pds,False,gauss,768,-0.0015598883365057945,0.04470036846572933,0.019320457667415303,0.047856749904771005
1.0607834835119472,200.0,4096.0,256.0,pds,False,gauss,768,-0.007805688040293735,0.02975718516448448,0.054197553282576826,0.028868066078964662
1.4347991241019948,200.0,1024.0,64.0,pds,False,gauss,192,-0.012973102218616113,0.027000793318901144,0.14747164593703468,0.023942015621414972
0.7403461148848844,200.0,4096.0,256.0,pds,False,gauss,768,-0.007582823489105664,0.018008323595263193,-0.05577632299368924,0.019039941349134868
0.7952446274845546,200.0,2048.0,64.0,pds,False,gauss,192,-0.013326642821492813,0.003959393234362964,-0.04373514419054984,0.006517503015120343
1.1812467571206697,200.0,2048.0,512.0,pds,False,gauss,1536,-0.013680919259224645,0.031065759709952085,0.08127687428511764,0.030175147673247662
0.6777561541126764,200.0,1024.0,64.0,pds,False,gauss,192,0.006236113529933251,0.028442043268193315,-0.05887377119721165,0.028054383533026455
1.4555184282521054,200.0,4096.0,64.0,pds,False,gauss,192,-0.0026777553151930305,0.029949594892159415,0.15481694397941442,0.030930396269906377
0.5295548766554207,200.0,4096.0,128.0,pds,False,gauss,384,0.001146034528466303,0.001092486670278517,-0.1363903953336695,0.0027140825487177033
0.9931601360879064,200.0,1024.0,128.0,pds,False,gauss,384,-0.008574527822287785,0.03715315111007291,0.0513487503761627,0.042722148019107946
0.5440009738710467,200.0,2048.0,256.0,pds,False,gauss,768,0.001844092463708735,-0.006830074327332455,-0.1372208616663645,-0.005294978789874256
0.6094520360733222,200.0,2048.0,512.0,pds,False,gauss,1536,0.003372542507482836,0.013807395054664353,-0.10218247646344919,0.016002798407647293
0.9900231247369553,200.0,1024.0,64.0,pds,False,gauss,192,-0.006295380507438607,0.0191995883378071,0.010023529861549793,0.015290306024579342
1.4020679806702079,200.0,1024.0,128.0,pds,False,gauss,384,-0.010065053473014157,-0.005119550509105723,0.12657802509219507,0.00038873961541691635
0.5427396459223203,200.0,2048.0,64.0,pds,False,gauss,192,-0.01572998607050428,0.011594391246971324,-0.10376538515587574,0.01624837583823293
0.7437954574309513,200.0,1024.0,256.0,pds,False,gauss,768,-0.002138243010641241,0.022016512746550584,-0.057202067284879414,0.01686185326335669
0.6025162425128643,200.0,4096.0,512.0,pds,False,gauss,1536,-0.0038113305708844048,0.006692070101348593,-0.11067273213330965,0.005113321048941216
1.4458375803902306,200.0,2048.0,256.0,pds,False,gauss,768,0.003837306850023438,0.04724563363157182,0.17219925261372276,0.04973499102027116
1.1066938471147596,200.0,4096.0,64.0,pds,False,gauss,192,0.005988435823176526,0.04146811479259696,0.05921601005212338,0.03982728582305068
0.8215172047823956,200.0,1024.0,512.0,pds,False,gauss,1536,-0.00771865879095161,0.05357408045655425,0.0004509804643252308,0.05020780329005348
0.6975024780816726,200.0,4096.0,512.0,pds,False,gauss,1536,-0.004432236615275838,0.02574349027868352,-0.05274930008400534,0.02549081635971459
0.5513913429476133,200.0,4096.0,64.0,pds,False,gauss,192,-0.002193012086968155,0.011308471404971527,-0.1084374863703671,0.013073386940733124
0.6602035294308013,200.0,1024.0,256.0,pds,False,gauss,768,-0.011853167376962726,0.03251900054637128,-0.031432300217828495,0.039212850447630156
1.0584879586969556,200.0,4096.0,256.0,pds,False,gauss,768,-0.0012531410976204423,0.05343760761748866,0.07519666667765261,0.0544388397710729
1.0678884630678653,200.0,4096.0,64.0,pds,False,gauss,192,0.0026481020767541957,0.06125913574367846,0.08135176266503813,0.06341636541959636
1.2965722949166951,200.0,1024.0,64.0,pds,False,gauss,192,-0.0098841937362412,0.01444917930637741,0.09193952877027395,0.014818505118362257
0.9692860414363126,200.0,1024.0,64.0,pds,False,gauss,192,-0.0013275169264812432,0.040129809570960004,0.034508900099462135,0.0418995482921348
1.2551498171848439,200.0,2048.0,512.0,pds,False,gauss,1536,-0.005196252921409435,0.031184085460987693,0.09917173138421347,0.03266288874857994
0.536821124061723,200.0,1024.0,256.0,pds,False,gauss,768,0.012264640962108284,0.015659391540583795,-0.1415077803131845,0.009704911524213938
0.7243573911807931,200.0,2048.0,512.0,pds,False,gauss,1536,-0.003665693156898996,0.02701036789522867,-0.0505066508453517,0.03125395997626432
1.451091117172151,200.0,1024.0,512.0,pds,False,gauss,1536,0.002986696403255847,0.0304043787041254,0.16079756288170471,0.02528588893917539
0.9474405231473442,200.0,2048.0,64.0,pds,False,gauss,192,0.0020978596356643,0.02412762612831052,0.010249377800186431,0.024540168092336553
1.0576962116726478,200.0,2048.0,128.0,pds,False,gauss,384,-0.008576393484678209,0.027956130860557416,0.04374166551440431,0.023674190799907326
1.1776967453812694,200.0,4096.0,512.0,pds,False,gauss,1536,-0.017446102515866337,0.022190083135665284,0.08520779872580977,0.022030257672685672
1.380784044797117,200.0,4096.0,512.0,pds,False,gauss,1536,0.0032117042910812634,0.045426759020118224,0.15980513209825495,0.04859051979255179
0.9465806428370999,200.0,1024.0,512.0,pds,False,gauss,1536,-0.013392878705860497,0.019041107399401798,0.011859722818499995,0.01524299381169844
0.7604147100870856,200.0,2048.0,512.0,pds,False,gauss,1536,-0.004647290059767649,0.012449736576938117,-0.05527974713201022,0.014106377284107532
1.3721276668252016,200.0,2048.0,64.0,pds,False,gauss,192,-0.020033013308787765,0.010608257640406264,0.11688348998469479,0.009441440704892393
0.7157109960000516,200.0,2048.0,128.0,pds,False,gauss,384,0.010152679145600897,0.03424056984669637,-0.05558570740520712,0.03178453273511149
0.7110060471557734,200.0,4096.0,512.0,pds,False,gauss,1536,0.006165785907011547,0.04061443104548994,-0.051924358087006565,0.03905019134938504
1.280658147014194,200.0,1024.0,64.0,pds,False,gauss,192,-0.028312747661840987,0.01338903639321949,0.12277120101841034,0.015537923492646915
0.9580433171358682,200.0,2048.0,512.0,pds,False,gauss,1536,-0.0015077939109634107,0.041557417215277184,0.023290582981255598,0.037779228443770525
0.5240375953999362,200.0,4096.0,512.0,pds,False,gauss,1536,0.0023812831172592306,-0.001258521404961477,-0.13522558766059156,-0.00015590859597019823
0.5437080130050287,200.0,4096.0,128.0,pds,False,gauss,384,0.0003650826012793655,0.005419172038381843,-0.11053362243648433,0.011400375790227978
1.1500400966520563,200.0,2048.0,128.0,pds,False,gauss,384,0.005112694133939285,0.05776170614843467,0.09917255677847742,0.057111397145231925
0.781054677248331,200.0,4096.0,128.0,pds,False,gauss,384,0.004741725728435137,0.035029646801852075,-0.042618278836137065,0.03412529076677741
0.9885023979035287,200.0,2048.0,128.0,pds,False,gauss,384,0.01192831257972419,0.052460884285934484,0.03140942018196347,0.053422987030882906
1.193969535324459,200.0,1024.0,256.0,pds,False,gauss,768,-0.007102735712494112,0.040260570360372866,0.11596624158356005,0.04352511625412454
1.3675062661996478,200.0,4096.0,256.0,pds,False,gauss,768,-0.0017304375995898578,0.03137249818542387,0.13599183610398807,0.029616124183029377
0.8663815741486162,200.0,1024.0,256.0,pds,False,gauss,768,0.016045836415386473,0.06606109924835793,0.021618587283250477,0.06075363756060012
0.6037626155842818,200.0,1024.0,512.0,pds,False,gauss,1536,-0.011037865159289138,0.019779070193343927,-0.08527498776127852,0.020219201390119814
1.1450841899872046,200.0,4096.0,64.0,pds,False,gauss,192,-0.0038727376190854203,0.048320125870286015,0.09038350617625017,0.04928898528357665
1.0569341698976726,200.0,2048.0,64.0,pds,False,gauss,192,-0.002390128955690916,0.04009708666295935,0.04513815279089857,0.04029823085682176
0.5263919258960453,200.0,4096.0,128.0,pds,False,gauss,384,0.00253793774949619,-0.00559895857321851,-0.1439545336406431,-0.007468953525971383
0.9716495243749161,200.0,1024.0,128.0,pds,False,gauss,384,-0.007589848776004411,0.006680795182308651,0.0023994289839860032,-0.00017763308323915056
0.8774201670864703,200.0,2048.0,64.0,pds,False,gauss,192,0.006293793763841997,0.045322025004255355,-0.0030005109579569105,0.04519533363173829
1.2201325339574312,200.0,2048.0,128.0,pds,False,gauss,384,0.009893792655180957,0.0373697326921212,0.08658507976574774,0.036896324190003875
0.6917972967395178,200.0,2048.0,128.0,pds,False,gauss,384,-0.008714800986955581,0.004738407790121495,-0.08446768099778704,0.008928749707599836
1.3599632480805237,200.0,1024.0,64.0,pds,False,gauss,192,0.011789237059890961,0.06085786879253469,0.14655562021319085,0.05670528046124688
1.2286984739439237,200.0,1024.0,256.0,pds,False,gauss,768,-0.01213492737075192,0.006101059117375434,0.056715917705585955,0.003411643390660023
1.2045899869291454,200.0,2048.0,64.0,pds,False,gauss,192,0.0030054383490253915,0.03980873451633532,0.08297709392117239,0.03792813236117536
1.117424198231698,200.0,4096.0,256.0,pds,False,gauss,768,0.0013856685716695022,0.04516185043618544,0.06749788158113537,0.04213984249110486
1.3164090970489513,200.0,2048.0,512.0,pds,False,gauss,1536,-0.011159853076663341,0.012465742896654952,0.11285632242746857,0.012315056674419766
0.8455135115455424,200.0,1024.0,256.0,pds,False,gauss,768,-0.007337172063727324,0.019313085521407907,-0.020078056430695785,0.013858628864698255
0.9451928894565319,200.0,1024.0,256.0,pds,False,gauss,768,-0.01359023228053352,0.0019994257131769706,0.031191886535824487,0.007171551033736251
0.995208893960546,200.0,2048.0,64.0,pds,False,gauss,192,-0.012825486626697346,0.02097674790410138,0.03336089146638456,0.02282867704468678
1.035308960940472,200.0,4096.0,64.0,pds,False,gauss,192,0.0048642423710713685,0.04699525045828647,0.054488871573703565,0.04458271370865091
1.3753940460920562,200.0,4096.0,256.0,pds,False,gauss,768,-0.010790059601812488,0.023461557820317048,0.13733008345547032,0.02280693898137445
1.3531765371479152,200.0,1024.0,512.0,pds,False,gauss,1536,0.0005249541166126292,0.03193565440002281,0.12637060118748863,0.026936731786497116
1.4113631208384652,200.0,2048.0,64.0,pds,False,gauss,192,0.00319271239164055,0.045265388312463795,0.17380053988553323,0.04597300659976721
0.8539543310413755,200.0,2048.0,128.0,pds,False,gauss,384,0.01844065600784828,0.043338196468961226,-0.01833784770485768,0.03897968876863455
1.1224618030767348,983.2988990286372,1024.0,64.0,cs,False,gauss,384,-3.542143388744336e-05,0.07523499663924205,0.12114916846439226,0.07572706861559328
0.6308741655430288,683.7020906181294,1024.0,128.0,cs,False,gauss,768,0.003743847415583984,0.031676105005827015,-0.1425820976430059,0.025996538913256657
0.8142568441014836,527.5078008565209,2048.0,64.0,cs,False,gauss,320,0.0011780872662186875,0.07362129981610131,-0.010702847301604201,0.07137484163786409
1.2825997593783391,848.1381868356375,2048.0,256.0,cs,False,gauss,1536,-0.007199603507515136,0.09290933170239488,0.20530046732927396,0.09233484603050988
0.9287251725226959,624.839201703928,2048.0,256.0,cs,False,gauss,1280,0.0057924763360571885,0.08254996252881802,0.04817034086778455,0.08339973755156581
0.5623969791318262,530.0751918760337,1024.0,64.0,cs,False,gauss,384,-0.007115295825211411,0.01892451643353321,-0.1589418196815779,0.010107481277371691
0.8373623020795403,536.3473670388869,2048.0,128.0,cs,False,gauss,640,0.006721410935402777,0.07305665239685674,0.0025563251082334777,0.07018568383255376
0.5691028257129043,654.7642598682813,2048.0,512.0,cs,False,gauss,2560,-0.0001739915519514574,0.04599811055243582,-0.13756861071633486,0.04224700039265989
0.7415831289402969,557.7142603534949,1024.0,128.0,cs,False,gauss,768,-0.008181805805337058,0.02456901297664922,-0.07235362657668919,0.020805778159645738
0.834156143316816,231.74955559946955,2048.0,64.0,cs,False,gauss,320,0.008266610197696271,0.03441263931199426,-0.018058294491239784,0.033654656589027596
0.6739265917418378,321.55801971288827,2048.0,128.0,cs,False,gauss,768,0.0029264167750189633,0.04293846518900133,-0.06293313060213794,0.04431767518867289
1.284382814677933,826.0114228636094,2048.0,256.0,cs,False,gauss,1536,-0.0018006326965448298,0.09147616541582189,0.20862695060215938,0.08908599108973307
1.39522655713992,137.8887378862956,1024.0,256.0,cs,False,gauss,1536,0.004958344116905729,-0.005780946453565145,0.07990881207245684,-0.005909496634646165
0.5889500327524564,841.7901243528056,2048.0,256.0,cs,False,gauss,1536,-0.007393582468799937,0.03849141487891204,-0.15263874538723615,0.03622135474855561
1.2511347586534005,235.89019290120277,1024.0,256.0,cs,False,gauss,1280,0.0032055481571368425,0.0281139289755756,0.09364637251981317,0.028521522190866865
1.0344385462575132,201.70605690350234,1024.0,256.0,cs,False,gauss,1536,0.005537047446396639,0.04338624413001117,0.03213610907371383,0.04101794180454312
1.3602982894751139,738.5283204474125,1024.0,512.0,cs,False,gauss,2560,0.0022589139762591217,0.08738930874233125,0.22434740062299124,0.08751376184114906
1.3481873791405632,728.0408875189387,2048.0,256.0,cs,False,gauss,1280,0.0009519338561590633,0.08163703870571619,0.20408644696347925,0.08141633915408743
0.5197194609911934,778.2718189219199,2048.0,128.0,cs,False,gauss,640,0.00227883722609101,0.016461630422504592,-0.21895651010635214,0.00792727140935075
1.1647985697606862,709.2832816407137,2048.0,256.0,cs,False,gauss,1536,-0.0035818123558270984,0.07469114354757628,0.13753690160376547,0.07408161000099771
1.4885690783792056,616.3447082749518,2048.0,128.0,cs,False,gauss,640,0.001797990996049047,0.05930177217159347,0.20237820833407982,0.05250427214957939
0.8541280180027877,855.8787406082889,2048.0,64.0,cs,False,gauss,384,0.0035521887514952115,0.1099281024397618,0.0355160498375498,0.10825357880697303
0.8454171803371641,855.4250015448877,2048.0,64.0,cs,False,gauss,384,0.0023762563230795737,0.10230148407830346,0.0340154062564583,0.10208322623664187
1.3452293999197296,463.2631387951206,1024.0,256.0,cs,False,gauss,1536,0.003330357372835298,0.0802554760619844,0.20556231302913303,0.08201042224352559
0.8887791878239999,402.84759132661947,1024.0,256.0,cs,False,gauss,1280,0.0044682859380699965,0.08557753973288276,0.06951154153223926,0.09016199198459558
0.9756125285492152,760.3425297238447,1024.0,128.0,cs,False,gauss,768,-0.005677072495724609,0.07777029231422629,0.07277259944761837,0.08029043929760558
1.1477764158998092,732.6639322144075,2048.0,128.0,cs,False,gauss,640,-0.0039791355034301595,0.08316481370058319,0.14326046508555493,0.0822142348304278
1.1683861564257607,114.75919250496473,2048.0,128.0,cs,False,gauss,768,0.01784076432488773,0.011694637598751187,0.03776134736750517,0.016305650112602342
1.8684809268808853,224.86699348787477,1024.0,256.0,cs,False,gauss,1536,0.0040121547496559246,0.01750350276389043,0.23666080667085385,0.004693464884639633
1.5493416780359692,205.58130033756464,2048.0,256.0,cs,False,gauss,1536,0.003214590615832883,0.0333973431908305,0.19139794016745285,0.031135932033160396
0.8093276522043445,512.2860010541883,1024.0,128.0,cs,False,gauss,640,0.006513566289408757,0.05545695665825427,-0.013032547974912188,0.05232170667062259
1.3989039424370566,741.9058762457862,2048.0,128.0,cs,False,gauss,640,-0.005899726100050862,0.048226737200296105,0.20189196574530713,0.048331665539661665
1.2822424925249427,631.5339212351126,2048.0,64.0,cs,False,gauss,320,-0.002181169889799884,0.07460134701092831,0.1698835147945334,0.07136434493240577
1.9328213229257891,225.78187391649385,1024.0,64.0,cs,False,gauss,384,-6.804602157277721e-05,-0.012421937317206826,0.22322672528899132,-0.023797808825736188
1.4211605285992757,887.912169379188,2048.0,256.0,cs,False,gauss,1536,0.0036385248777664417,0.080474222649663,0.23728961309605803,0.08052721364659458
1.5660716085053128,700.1155702202532,1024.0,256.0,cs,False,gauss,1536,0.010349648743089144,0.07201476468143753,0.2671182031695118,0.07318485440404794
1.008335489685858,699.7732859026619,2048.0,512.0,cs,False,gauss,3072,0.0027977838427415726,0.0871809384255796,0.08760644351202898,0.08953306643319393
1.5886437924979373,662.0000946694622,2048.0,128.0,cs,False,gauss,640,-0.0049039564263846,0.05898360049213709,0.2665239599802353,0.057647581721336216
1.150697775927061,444.0395078022945,2048.0,256.0,cs,False,gauss,1536,0.0008863420306177237,0.06457589825159724,0.12002041804739147,0.06551117730683868
1.4758495459321646,932.412601670385,1024.0,128.0,cs,False,gauss,768,-0.0022830563522782355,0.05078543415539131,0.2142811990639623,0.04911540929371857
0.5972069009244647,380.5473269723148,1024.0,64.0,cs,False,gauss,384,0.006213608894323918,0.038051096613826864,-0.1331941422238786,0.03336886448641199
0.7083124131736087,746.7146930345891,1024.0,128.0,cs,False,gauss,768,-0.0010262367401461768,0.06645808630408379,-0.057840652289188596,0.06542300234999368
0.6740478490452895,604.2064373798961,2048.0,512.0,cs,False,gauss,2560,-0.00018748022361506826,0.04599179352220745,-0.09067471218891573,0.04459420277601987
1.4843797246175794,790.7287744950822,2048.0,256.0,cs,False,gauss,1536,-0.00893073206007515,0.06441600813624938,0.23985313045274012,0.06507861115707632
1.3245162250045315,575.4894049185536,1024.0,64.0,cs,False,gauss,384,-0.005757955713924311,0.06330712094986352,0.17551965419473736,0.061700080107405304
1.0033266642726566,732.3474900839785,2048.0,128.0,cs,False,gauss,768,-0.002329574719280632,0.09722435847842453,0.09499181689412801,0.09634751507806154
0.7463405825141252,275.988438744718,2048.0,512.0,cs,False,gauss,2560,0.015321083655621081,0.041888418595988214,-0.03868940969908287,0.042165330091185525
1.8883076427710592,863.9743035471095,1024.0,512.0,cs,False,gauss,3072,-0.004495075361844039,0.07343533631330647,0.3826840632145771,0.08254284014384088
1.9940255675004739,499.6451957069256,2048.0,512.0,cs,False,gauss,2560,-0.0030980771318507164,0.018315498536565326,0.3132148234411874,0.013963967562858252
0.6698196705216117,207.68322977174225,1024.0,512.0,cs,False,gauss,3072,0.02007267784783296,0.030143953393159676,-0.0716892217100475,0.025465535266379187
1.1978132236132473,286.3628261229676,1024.0,512.0,cs,False,gauss,2560,-0.009498617886953779,0.041607930341714984,0.1109849736666836,0.03635348704939016
1.5265582410383605,837.9611582652976,1024.0,512.0,cs,False,gauss,2560,-0.003697066234094336,0.08101073563805941,0.25688795890591887,0.0801795790121236
0.9679293431728011,151.36464243380712,1024.0,128.0,cs,False,gauss,768,0.005393398903048285,0.013838596580749594,-0.009943210198725353,0.013415191751634659
1.9365171096835005,734.610611716809,2048.0,512.0,cs,False,gauss,2560,-0.00412471287499778,0.02643278649069205,0.32738257886548283,0.026950641960154512
1.1218250041092144,132.06092067960964,2048.0,512.0,cs,False,gauss,2560,-0.01646669653079161,0.030941274100643738,0.09289680268600713,0.0359558449003093
0.7113219319102748,379.84279383494396,1024.0,256.0,cs,False,gauss,1536,-0.002568741717626514,0.04448663533166515,-0.051301588114867715,0.04523105270872877
1.7652805475287843,236.5326164992736,2048.0,64.0,cs,False,gauss,320,0.010054253480456384,0.026651182317978063,0.2143882343069493,0.020157627021976036
1.107082580487515,240.34617883465376,2048.0,128.0,cs,False,gauss,768,-0.0010892493717408944,0.0717625370812567,0.10707210258679227,0.06980170420238616
0.8988298433195725,798.1893640548438,1024.0,256.0,cs,False,gauss,1280,0.0077737013246331425,0.10003101215261113,0.04618700816995024,0.09949671051650978
1.708646957075778,726.5774786127472,2048.0,64.0,cs,False,gauss,384,-0.007998254624524146,0.022359410218992844,0.24755220729469335,0.018336038013053974
1.9313170446369998,748.3629909180285,1024.0,128.0,cs,False,gauss,640,-0.001240592199596298,-0.03239563381087826,0.23099242600820746,-0.03904521524379018
0.6221152251983972,987.060961427318,1024.0,256.0,cs,False,gauss,1536,0.0031631539630189746,0.03701043535392645,-0.16586054242810944,0.036451800931204086
1.6130501228668852,741.4182056130312,1024.0,64.0,cs,False,gauss,320,0.0013768785458977576,0.03435925367799051,0.22481135348512604,0.03213466420999125
1.4092391547492689,615.7463808977162,1024.0,64.0,cs,False,gauss,320,-0.007152965868326807,0.07753322043570302,0.21657046314318493,0.07534039224081752
1.464950011010437,635.0562005898842,1024.0,64.0,cs,False,gauss,384,-0.0011189631216228714,0.04065606643271344,0.20194272514877537,0.03577332142801149
0.8299578353417378,866.0437423493423,1024.0,512.0,cs,False,gauss,3072,0.008005472626476105,0.12645491839380515,0.05451865980217303,0.12854690079042233
0.5757876336644219,972.8217411834771,1024.0,64.0,cs,False,gauss,384,-0.002891049965997545,0.08932849862481491,-0.11627100947511103,0.08520878795888018
0.5032865313485406,734.9177580448192,1024.0,256.0,cs,False,gauss,1536,0.004727500221770166,0.02678396135561717,-0.19326920643816117,0.021073301712914605
1.6476790308271934,256.95385212806923,1024.0,64.0,cs,False,gauss,320,-0.010300167961541156,0.03658901285843144,0.2521464722329613,0.03233576077985761
1.0249503829839393,910.399196198652,1024.0,64.0,cs,False,gauss,384,0.0014550372820180172,0.0517533982406342,0.05980837720758761,0.04917682059243463
0.867622442020962,881.3773626672462,2048.0,128.0,cs,False,gauss,768,0.0049524327200257436,0.08283414414997166,0.011533085283907576,0.08310868399237462
1.8847363678910392,502.8225796084563,2048.0,256.0,cs,False,gauss,1536,0.015574561942792494,0.03374054546063262,0.2751309974366602,0.028475443488530934
1.7777611645423397,830.5513523070172,2048.0,64.0,cs,False,gauss,320,0.0016711505520600426,0.010620737046558491,0.242257102412046,0.00515596264236392
0.6004131665135687,800.6236051147425,2048.0,256.0,cs,False,gauss,1280,-4.286242893536671e-05,0.038971394317274415,-0.16004669501486712,0.03357526008905312
0.773528489911157,848.6562181148196,1024.0,128.0,cs,False,gauss,768,-0.004534675829824613,0.059444016494597844,-0.0423024306790885,0.05749023547552741
1.4174391994561981,642.974500590963,1024.0,128.0,cs,False,gauss,640,-0.0033826873478608587,0.08216166088884623,0.2236284752564964,0.08103143047796908
1.2706952109727365,911.0649841808547,2048.0,256.0,cs,False,gauss,1536,0.0013780117875243447,0.08106511834926643,0.1871022122780149,0.0803001347845975
1.2333777494877405,453.2703463975966,1024.0,128.0,cs,False,gauss,768,-0.008437178938284624,0.07727976132375551,0.1788974192177599,0.08252928589423059
0.8532043911600766,501.9367826859531,1024.0,512.0,cs,False,gauss,2560,-0.0032027875058501707,0.09890586356146719,0.041879220000266906,0.09864681177598265
0.775550003953738,135.11183644625476,2048.0,256.0,cs,False,gauss,1280,0.019700547945510898,0.025994295253950504,-0.053659953787385375,0.017480988225727256
0.9845141317115764,726.1021745857646,1024.0,256.0,cs,False,gauss,1280,-0.005386031468131683,0.09224093525088223,0.08238399463948351,0.0916311168138608
0.5291408495604814,574.628234117656,2048.0,512.0,cs,False,gauss,3072,0.00759758842641321,0.01817892744005467,-0.20607189935146342,0.008753759523497143
1.2461910660366673,406.0047132480991,2048.0,256.0,cs,False,gauss,1280,-0.0010386759184524334,0.0947605073635488,0.18068506885062866,0.09482646470032367
1.435399594849038,667.8115270758967,2048.0,256.0,cs,False,gauss,1536,-0.00106871409002991,0.0719068392707773,0.22729421058574714,0.07119859481432209
1.3441661777931668,461.40142667995127,1024.0,128.0,cs,False,gauss,768,0.0045662730562786,0.0647613744961228,0.1750587483949453,0.06480582202167541
0.7508156130886546,637.5560050512939,2048.0,128.0,cs,False,gauss,768,-0.0015729973678561683,0.08539883403891792,-0.019865586291406986,0.08607306049297919
1.4993238501874464,481.82669841113153,2048.0,128.0,cs,False,gauss,640,-0.0005984840381377206,0.07409916998284075,0.2400343574434257,0.07449955404339982
1.3920465751437323,941.8798751100313,1024.0,64.0,cs,False,gauss,384,0.0029861722971018935,0.077613514322999,0.2009234250501557,0.07660298140754629
1.768124387535267,103.40986219380241,2048.0,256.0,cs,False,gauss,1280,-0.0029880216909929863,0.016932055419251753,0.18752389891736662,0.020182333458126027
1.8979425816215612,628.8027572597096,1024.0,64.0,cs,False,gauss,384,0.00407026320237466,0.02126189110244231,0.2637669956451485,0.012388192943660638
1.6639022771553136,972.1792544248345,1024.0,128.0,cs,False,gauss,768,0.0006065514420577845,0.04074150920250123,0.27213626971515115,0.03942331620363632
1.0491858985046254,352.8248667200207,1024.0,512.0,cs,False,gauss,3072,-0.01778204904285185,0.08267531547135847,0.11711501228237303,0.08375409571680954
1.8465259170162716,783.2956185494012,1024.0,512.0,cs,False,gauss,3072,-0.0030605970761684053,0.03978619118577696,0.30966391275025174,0.040846767788215124
0.9029544011261017,788.0303196412276,2048.0,128.0,cs,False,gauss,768,-0.005950070652161635,0.08153803937932463,0.040204039394912405,0.08112885888964741
1.9943938147618232,710.1670973896603,2048.0,512.0,cs,False,gauss,2560,-0.0007223023959425723,0.013545172405531408,0.32232084400430355,0.016328279844379116
1.004549876861673,513.0242630206554,1024.0,512.0,cs,False,gauss,3072,0.0092709099661199,0.07508648777083178,0.06448154279199665,0.07378960849867774
1.254523657075616,701.8182272596882,1024.0,64.0,cs,False,gauss,320,0.0028981985548278636,0.08843782450906529,0.17067262384658718,0.08361829948140975
1.6055743516571723,158.2021052855387,1024.0,256.0,cs,False,gauss,1280,-0.03519698652157959,0.03628206060618969,0.22478119742837907,0.038853538853197554
0.9234046905294402,468.7982528422001,1024.0,256.0,cs,False,gauss,1280,0.002815466490246772,0.07270445810060194,0.04323740329058126,0.06759617910944167
0.978858952284817,259.7839625982653,1024.0,512.0,cs,False,gauss,2560,-0.002168877067226797,0.03725167936185473,0.01263233050940803,0.03711500073509321
1.2293978793189988,723.5408227352544,2048.0,512.0,cs,False,gauss,2560,-0.001333893724638949,0.09901474218040555,0.1871885122960516,0.0970657066337216
1.4446810381629387,572.2458989242474,2048.0,128.0,cs,False,gauss,640,-0.007993226283491696,0.06375651973591573,0.21302863007563536,0.06099815853629216
0.674304852554094,474.1662791489844,1024.0,512.0,cs,False,gauss,2560,0.009589120064121132,0.043765568131351386,-0.09260280574911468,0.03929983020689495
0.7527307424414671,434.5881224603416,2048.0,512.0,cs,False,gauss,2560,-0.0034470278993592967,0.05026596024303447,-0.03819704009109628,0.050313958014463825
1.3696155445114297,957.7751968682774,1024.0,512.0,cs,False,gauss,2560,-0.008190075970220095,0.097030830220893,0.2333785097351907,0.09739515459612808
1.787584120355846,711.5427644071217,2048.0,512.0,cs,False,gauss,3072,0.0017651594171210383,0.05006877861303978,0.3181599796257116,0.050351666146931255
1.1818210857552345,562.0353703930539,1024.0,512.0,cs,False,gauss,2560,-0.009688082898322185,0.05457489464453506,0.13898410376850884,0.05501159439563619
0.7290350520528928,528.131887438904,1024.0,128.0,cs,False,gauss,640,0.0003171087482036171,0.06363889071107859,-0.03325692693718073,0.06399562928399342
0.7902738868601715,638.2760698101108,2048.0,128.0,cs,False,gauss,768,0.002996979390359766,0.09588395066635429,0.0009622500764167797,0.09435215273015585
0.9078825403864197,250.77009718392623,1024.0,512.0,cs,False,gauss,2560,-0.00846569847272871,0.038602369170258735,0.011885815038036058,0.03683489726393807
1.6996938196290259,856.6347900269191,1024.0,128.0,cs,False,gauss,768,0.0009535476669021291,0.00033629365715869464,0.21807719481611254,-0.0024248339440458033
0.7604271187075242,516.6658337179758,1024.0,128.0,cs,False,gauss,640,0.007363656556148422,0.06818834000337999,-0.021344808507083347,0.06943697768929263
1.6520033791735276,710.4719897560326,1024.0,64.0,cs,False,gauss,384,-0.011459669728301956,0.015648566188458394,0.2292629876285593,0.010723155394794445
1.2241105903725815,727.8996669684536,2048.0,64.0,cs,False,gauss,320,-0.005962170258586963,0.09604671265658826,0.1939706056434905,0.09444556265288417
0.5044713712827976,410.7287755302922,1024.0,128.0,cs,False,gauss,640,-0.0016534557219349386,0.021057226304164806,-0.17811148498348395,0.011598297346228201
0.8985685306156377,906.3156299598028,1024.0,128.0,cs,False,gauss,640,-0.007772166509110743,0.10532954476327921,0.06692280836357749,0.10267463027036836
1.3853638546910736,560.7414496451083,2048.0,512.0,cs,False,gauss,2560,-0.0028335403585213453,0.08578600662885325,0.23131626330536265,0.08440249858832051
1.951801908315276,812.1258035458,2048.0,512.0,cs,False,gauss,2560,0.003396098743949286,0.003813703359758173,0.29771114138612303,0.007583574634067337
1.327175887940076,217.84479821445947,2048.0,128.0,cs,False,gauss,768,-0.0015976377508783064,0.03644283931451867,0.12390611087706528,0.032187330959596264
0.6850066926726307,404.7867867332087,1024.0,512.0,cs,False,gauss,3072,-0.010115320813838957,0.04464526849603431,-0.06674908759339818,0.04403526153365246
1.431906199269167,488.90227096724817,1024.0,128.0,cs,False,gauss,640,0.005446163568435591,0.07681051647086554,0.2028174967316782,0.07341714383745737
1.1572074440477194,282.97379341010446,1024.0,64.0,cs,False,gauss,320,0.006039316550788711,0.02694798373413058,0.054141318008410835,0.02239038393507985
1.8142190310685347,895.0048548139442,1024.0,512.0,cs,False,gauss,3072,-0.004053194881117062,0.04089421104143696,0.31395003388804077,0.04336251655225424
1.6074837971825882,839.377373265765,1024.0,512.0,cs,False,gauss,2560,0.0001253356485134218,0.05990241172152236,0.2862914637029096,0.06523690007634658
0.6238859452073662,156.91163999049843,1024.0,128.0,cs,False,gauss,640,-0.03072078837677186,-0.009510232119616421,-0.07808636001732733,-0.004626712949188776
1.2638985717400204,952.7550085852043,2048.0,64.0,cs,False,gauss,320,0.008853297453547314,0.08680678264320218,0.1787453970501951,0.08663492020084286
1.0254132559155638,940.0936532904074,1024.0,256.0,cs,False,gauss,1280,0.004379110980016093,0.10096068375775648,0.11521884805653453,0.10043263931068122
0.519698873169721,912.9971451059168,2048.0,256.0,cs,False,gauss,1536,0.0012243703547331229,0.023248335906723597,-0.22705008890513728,0.01775832062855095
0.9575888656274174,403.9814618311113,1024.0,128.0,cs,False,gauss,640,8.896833460279715e-05,0.06674119264217726,0.06233642924915241,0.06848247414396792
1.126243002493624,975.5634625410054,2048.0,64.0,cs,False,gauss,384,-0.003432074327583145,0.10885030022309843,0.16458187249630382,0.10899998813046664
1.798187683845988,421.4644780619416,1024.0,256.0,cs,False,gauss,1280,0.007118671550996992,0.0445159035836227,0.2796162263831341,0.03858914225528249
1.965880077832034,122.09653003301425,1024.0,64.0,cs,False,gauss,384,0.03682494239246327,0.034636981146161774,0.2560261605853808,0.036952860802172444
0.7857182111175101,362.61337874303916,1024.0,128.0,cs,False,gauss,768,-0.0035950593844535123,0.05809747990282226,-0.01667432443856557,0.05837246746597087
0.7634272212219702,489.1547945013598,1024.0,512.0,cs,False,gauss,2560,-0.004202419027163776,0.07719634860436896,-0.008234685732459016,0.07537967654424442
0.8928116359058489,949.0891375409285,1024.0,128.0,cs,False,gauss,640,0.006754225841815013,0.09795589149251349,0.06918125855366199,0.09689269749891086
0.837869364645047,190.45126862344324,2048.0,256.0,cs,False,gauss,1536,0.020488181564077827,0.04385368030862996,-0.03866918212603264,0.032653340233548295
0.9751162312632504,306.1435936032228,2048.0,512.0,cs,False,gauss,2560,-0.0016152502685821044,0.06319274429197709,0.05909274354347675,0.06078294105396306
1.2267445450514356,137.59146855160657,1024.0,256.0,cs,False,gauss,1280,-0.010378136116059151,0.023779007567117448,0.06043822824411493,0.019934624042261664
1.74277609044362,638.8561481162067,1024.0,256.0,cs,False,gauss,1536,-0.0008826139444361397,0.05276606033410249,0.28993807162650415,0.053409816023009614
1.1734494412100096,311.8426394235618,1024.0,128.0,cs,False,gauss,768,-0.014819365078119569,0.049802514136132923,0.1235293734901637,0.04946637090398534
0.593311002314538,105.61080637066323,1024.0,512.0,cs,False,gauss,3072,-0.0378453297273283,-0.0017818523570422666,-0.04570475096562482,0.015822629494546523
0.9982842526370498,262.8964500236105,2048.0,128.0,cs,False,gauss,768,0.000570088093145411,0.07099818986822104,0.06421184082102092,0.07079219422761104
1.1921400180805781,418.1774774643145,2048.0,128.0,cs,False,gauss,768,-0.007029405279937707,0.060544738872586934,0.14760027827642402,0.06031554150668498
1.7192453600523576,479.9162922609692,1024.0,512.0,cs,False,gauss,2560,0.006196958682238401,0.03601569031081267,0.25203354709921716,0.032384838387203456
1.1788065878293745,253.55321594598544,1024.0,64.0,cs,False,gauss,320,0.018824950450000676,0.004578005021945367,0.03701387188454491,0.0008594817049951788
1.9456823773473615,829.5106022704317,2048.0,64.0,cs,False,gauss,384,-0.0037901165396440773,-0.04235901069036028,0.22900797473898094,-0.045908573501671525
1.3031498520361302,925.0315754162752,1024.0,64.0,cs,False,gauss,320,-0.0013771392970674213,0.08076201955850804,0.19758772514841266,0.07923493764945722
1.5284966855724462,285.0020871328925,1024.0,64.0,cs,False,gauss,320,0.0043139661068810784,0.06525846481889397,0.22925290534459516,0.06396484118840996
0.7692829518466788,282.1797415561628,2048.0,64.0,cs,False,gauss,384,0.003169475034415108,0.030777464040361,-0.055464601333662544,0.02836404511698473
0.6539707847576453,991.0340477898526,2048.0,64.0,cs,False,gauss,384,0.004279573279745715,0.0436262046775858,-0.14797242840791305,0.03641635659401511
1.9398698602857236,147.0773589723575,1024.0,128.0,cs,False,gauss,768,-0.0013808093038658966,-0.0001278377137445349,0.23107044133747612,-0.004182019517496449
0.5936981587130206,584.8511379033409,1024.0,512.0,cs,False,gauss,3072,0.01032804376333558,0.05625283363709972,-0.12132861538452122,0.05631049676304176
